id,stat_type,stat_min,stat_max,skill_id,skill_damage_min,skill_damage_max,skill_chance_min,skill_chance_max
1,ATK,4,5,,,,,
2,SPD,14,16,,,,,
3,,,,110001,53,71,14,14
4,ATK,2,7,,,,,
5,SPD,9,20,,,,,
6,ATK,3,5,,,,,
7,,,,110003,49,66,28,28
8,ATK,179,336,,,,,
9,SPD,503,914,,,,,
10,ATK,215,360,,,,,
11,,,,110005,6774,9032,12,12
12,ATK,4,5,,,,,
13,SPD,15,18,,,,,
14,,,,120001,74,98,14,14
15,ATK,2,7,,,,,
16,SPD,10,21,,,,,
17,ATK,3,5,,,,,
18,,,,120003,69,92,28,28
19,ATK,28,54,,,,,
20,SPD,85,156,,,,,
21,ATK,46,77,,,,,
22,,,,120005,544,726,12,12
23,ATK,14,16,,,,,
24,SPD,62,70,,,,,
25,,,,130001,294,392,14,14
26,ATK,7,20,,,,,
27,SPD,41,84,,,,,
28,ATK,11,16,,,,,
29,,,,130003,274,366,28,28
30,ATK,92,173,,,,,
31,SPD,344,625,,,,,
32,ATK,147,247,,,,,
33,,,,130005,2165,2886,12,12
34,ATK,40,43,,,,,
35,SPD,184,205,,,,,
36,,,,140001,920,1227,14,14
37,ATK,21,54,,,,,
38,SPD,122,246,,,,,
39,ATK,32,43,,,,,
40,,,,140003,859,1145,28,28
41,ATK,249,467,,,,,
42,SPD,1016,1843,,,,,
43,ATK,399,666,,,,,
44,,,,140005,6766,9021,12,12
45,ATK,10,11,,,,,
46,SPD,32,37,,,,,
47,,,,110001,169,225,14,14
48,ATK,5,14,,,,,
49,SPD,21,44,,,,,
50,ATK,8,11,,,,,
51,,,,110003,158,210,28,28
52,ATK,63,120,,,,,
53,SPD,178,325,,,,,
54,ATK,102,171,,,,,
55,,,,110005,1245,1660,12,12
56,ATK,10,11,,,,,
57,SPD,34,39,,,,,
58,,,,120001,200,267,14,14
59,ATK,5,14,,,,,
60,SPD,22,46,,,,,
61,ATK,8,11,,,,,
62,,,,120003,187,249,28,28
63,ATK,63,119,,,,,
64,SPD,188,343,,,,,
65,ATK,101,169,,,,,
66,,,,120005,1473,1964,12,12
67,ATK,41,44,,,,,
68,SPD,172,192,,,,,
69,,,,130001,1293,1724,14,14
70,ATK,21,55,,,,,
71,SPD,114,230,,,,,
72,ATK,32,44,,,,,
73,,,,130003,1207,1609,28,28
74,ATK,254,476,,,,,
75,SPD,950,1724,,,,,
76,ATK,407,680,,,,,
77,,,,130005,9503,12670,12,12
78,ATK,97,104,,,,,
79,SPD,445,495,,,,,
80,,,,140001,3182,4243,14,14
81,ATK,51,130,,,,,
82,SPD,296,594,,,,,
83,ATK,77,104,,,,,
84,,,,140003,2970,3960,28,28
85,ATK,602,1126,,,,,
86,SPD,2455,4451,,,,,
87,ATK,964,1608,,,,,
88,,,,140005,23388,31185,12,12
89,ATK,26,28,,,,,
90,SPD,82,92,,,,,
91,,,,110001,549,732,14,14
92,ATK,13,35,,,,,
93,SPD,55,111,,,,,
94,ATK,20,28,,,,,
95,,,,110003,512,683,28,28
96,ATK,162,304,,,,,
97,SPD,455,826,,,,,
98,ATK,260,434,,,,,
99,,,,110005,4037,5383,12,12
100,ATK,24,27,,,,,
101,SPD,83,93,,,,,
102,,,,120001,623,831,14,14
103,ATK,13,34,,,,,
104,SPD,55,112,,,,,
105,ATK,19,27,,,,,
106,,,,120003,581,775,28,28
107,ATK,153,287,,,,,
108,SPD,458,832,,,,,
109,ATK,245,410,,,,,
110,,,,120005,4580,6107,12,12
111,ATK,95,102,,,,,
112,SPD,401,446,,,,,
113,,,,130001,3823,5097,14,14
114,ATK,50,128,,,,,
115,SPD,267,535,,,,,
116,ATK,76,102,,,,,
117,,,,130003,3568,4757,28,28
118,ATK,592,1106,,,,,
119,SPD,2211,4009,,,,,
120,ATK,947,1580,,,,,
121,,,,130005,26756,35675,12,12
122,ATK,205,220,,,,,
123,SPD,942,1048,,,,,
124,,,,140001,7483,9978,14,14
125,ATK,109,275,,,,,
126,SPD,628,1257,,,,,
127,ATK,164,220,,,,,
128,,,,140003,6984,9313,28,28
129,ATK,1275,2381,,,,,
130,SPD,5194,9415,,,,,
131,ATK,2040,3401,,,,,
132,,,,140005,52375,69833,12,12
133,ATK,57,62,,,,,
134,SPD,182,203,,,,,
135,,,,110001,1736,2315,14,14
136,ATK,30,78,,,,,
137,SPD,121,243,,,,,
138,ATK,46,62,,,,,
139,,,,110003,1621,2161,28,28
140,ATK,358,670,,,,,
141,SPD,1004,1821,,,,,
142,ATK,573,957,,,,,
143,,,,110005,12763,17017,12,12
144,ATK,52,57,,,,,
145,SPD,177,198,,,,,
146,,,,120001,1908,2544,14,14
147,ATK,28,71,,,,,
148,SPD,118,238,,,,,
149,ATK,42,57,,,,,
150,,,,120003,1781,2374,28,28
151,ATK,328,614,,,,,
152,SPD,981,1779,,,,,
153,ATK,525,876,,,,,
154,,,,120005,14024,18698,12,12
155,ATK,245,262,,,,,
156,SPD,1029,1144,,,,,
157,,,,130001,9803,13071,14,14
158,ATK,130,327,,,,,
159,SPD,686,1373,,,,,
160,ATK,196,262,,,,,
161,,,,130003,9149,12199,28,28
162,ATK,1519,2837,,,,,
163,SPD,5673,10283,,,,,
164,ATK,2431,4053,,,,,
165,,,,130005,68609,91479,12,12
166,ATK,209,224,,,,,
167,SPD,958,1065,,,,,
168,,,,140001,7250,9667,14,14
169,ATK,111,279,,,,,
170,SPD,638,1278,,,,,
171,ATK,167,224,,,,,
172,,,,140003,6767,9023,28,28
173,ATK,1297,2422,,,,,
174,SPD,5282,9575,,,,,
175,ATK,2075,3459,,,,,
176,,,,140005,53282,71043,12,12
177,ATK,185,198,,,,,
178,SPD,583,649,,,,,
179,,,,110001,6428,8571,14,14
180,ATK,98,248,,,,,
181,SPD,389,779,,,,,
182,ATK,148,198,,,,,
183,,,,110003,5999,7999,28,28
184,ATK,1149,2146,,,,,
185,SPD,3217,5833,,,,,
186,ATK,1838,3065,,,,,
187,,,,110005,47239,62985,12,12
188,ATK,157,168,,,,,
189,SPD,527,587,,,,,
190,,,,120001,6535,8713,14,14
191,ATK,83,210,,,,,
192,SPD,351,704,,,,,
193,ATK,125,168,,,,,
194,,,,120003,6099,8132,28,28
195,ATK,974,1819,,,,,
196,SPD,2909,5275,,,,,
197,ATK,1558,2599,,,,,
198,,,,120005,48023,64031,12,12
199,ATK,239,256,,,,,
200,SPD,1006,1119,,,,,
201,,,,130001,9972,13296,14,14
202,ATK,127,320,,,,,
203,SPD,671,1343,,,,,
204,ATK,191,256,,,,,
205,,,,130003,9307,12409,28,28
206,ATK,1486,2775,,,,,
207,SPD,5549,10058,,,,,
208,ATK,2378,3964,,,,,
209,,,,130005,73280,97707,12,12
210,ATK,328,351,,,,,
211,SPD,1504,1672,,,,,
212,,,,140001,12421,16561,14,14
213,ATK,175,438,,,,,
214,SPD,1003,2007,,,,,
215,ATK,262,351,,,,,
216,,,,140003,11592,15457,28,28
217,ATK,2036,3801,,,,,
218,SPD,8292,15030,,,,,
219,ATK,3257,5430,,,,,
220,,,,140005,91275,121700,12,12
221,ATK,248,265,,,,,
222,SPD,781,869,,,,,
223,,,,110001,10010,13347,14,14
224,ATK,132,331,,,,,
225,SPD,520,1042,,,,,
226,ATK,198,265,,,,,
227,,,,110003,9343,12457,28,28
228,ATK,1537,2871,,,,,
229,SPD,4305,7804,,,,,
230,ATK,2460,4101,,,,,
231,,,,110005,73562,98083,12,12
232,ATK,210,225,,,,,
233,SPD,707,786,,,,,
234,,,,120001,10195,13593,14,14
235,ATK,112,281,,,,,
236,SPD,471,944,,,,,
237,ATK,168,225,,,,,
238,,,,120003,9515,12687,28,28
239,ATK,1305,2437,,,,,
240,SPD,3898,7066,,,,,
241,ATK,2088,3481,,,,,
242,,,,120005,74918,99891,12,12
243,ATK,321,343,,,,,
244,SPD,1350,1501,,,,,
245,,,,130001,15569,20759,14,14
246,ATK,171,429,,,,,
247,SPD,900,1801,,,,,
248,ATK,257,343,,,,,
249,,,,130003,14531,19375,28,28
250,ATK,1993,3721,,,,,
251,SPD,7441,13489,,,,,
252,ATK,3189,5316,,,,,
253,,,,130005,114412,152549,12,12
254,ATK,440,471,,,,,
255,SPD,2019,2245,,,,,
256,,,,140001,19407,25876,14,14
257,ATK,235,588,,,,,
258,SPD,1346,2694,,,,,
259,ATK,352,471,,,,,
260,,,,140003,18113,24151,28,28
261,ATK,2733,5103,,,,,
262,SPD,11132,20178,,,,,
263,ATK,4373,7290,,,,,
264,,,,140005,142617,190156,12,12
265,ATK,427,456,,,,,
266,SPD,1346,1497,,,,,
267,,,,110001,20236,26981,14,14
268,ATK,227,570,,,,,
269,SPD,897,1796,,,,,
270,ATK,341,456,,,,,
271,,,,110003,18887,25183,28,28
272,ATK,2650,4948,,,,,
273,SPD,7421,13452,,,,,
274,ATK,4240,7069,,,,,
275,,,,110005,148706,198275,12,12
276,ATK,362,387,,,,,
277,SPD,1217,1353,,,,,
278,,,,120001,20575,27433,14,14
279,ATK,193,484,,,,,
280,SPD,811,1623,,,,,
281,ATK,289,387,,,,,
282,,,,120003,19203,25604,28,28
283,ATK,2246,4193,,,,,
284,SPD,6708,12160,,,,,
285,ATK,3593,5990,,,,,
286,,,,120005,151197,201596,12,12
287,ATK,552,590,,,,,
288,SPD,2320,2579,,,,,
289,,,,130001,31385,41847,14,14
290,ATK,294,737,,,,,
291,SPD,1546,3094,,,,,
292,ATK,441,590,,,,,
293,,,,130003,29293,39057,28,28
294,ATK,3425,6394,,,,,
295,SPD,12787,23178,,,,,
296,ATK,5480,9135,,,,,
297,,,,130005,230637,307516,12,12
298,ATK,756,807,,,,,
299,SPD,3465,3851,,,,,
300,,,,140001,39062,52083,14,14
301,ATK,403,1009,,,,,
302,SPD,2310,4622,,,,,
303,ATK,605,807,,,,,
304,,,,140003,36458,48610,28,28
305,ATK,4690,8755,,,,,
306,SPD,19101,34622,,,,,
307,ATK,7504,12508,,,,,
308,,,,140005,287048,382730,12,12
309,ATK,567,606,,,,,
310,SPD,1788,1988,,,,,
311,,,,110001,31727,42303,14,14
312,ATK,302,758,,,,,
313,SPD,1192,2385,,,,,
314,ATK,454,606,,,,,
315,,,,110003,29612,39482,28,28
316,ATK,3520,6573,,,,,
317,SPD,9858,17869,,,,,
318,ATK,5633,9389,,,,,
319,,,,110005,233147,310862,12,12
320,ATK,480,513,,,,,
321,SPD,1614,1795,,,,,
322,,,,120001,32223,42964,14,14
323,ATK,256,641,,,,,
324,SPD,1076,2154,,,,,
325,ATK,384,513,,,,,
326,,,,120003,30075,40100,28,28
327,ATK,2979,5563,,,,,
328,SPD,8899,16131,,,,,
329,ATK,4767,7947,,,,,
330,,,,120005,236791,315721,12,12
331,ATK,731,781,,,,,
332,SPD,3074,3416,,,,,
333,,,,130001,49078,65438,14,14
334,ATK,390,976,,,,,
335,SPD,2049,4099,,,,,
336,ATK,585,781,,,,,
337,,,,130003,45806,61075,28,28
338,ATK,4538,8472,,,,,
339,SPD,16943,30710,,,,,
340,ATK,7261,12103,,,,,
341,,,,130005,360653,480871,12,12
342,ATK,1001,1068,,,,,
343,SPD,4586,5097,,,,,
344,,,,140001,60998,81331,14,14
345,ATK,533,1335,,,,,
346,SPD,3057,6116,,,,,
347,ATK,800,1068,,,,,
348,,,,140003,56932,75909,28,28
349,ATK,6206,11586,,,,,
350,SPD,25277,45817,,,,,
351,ATK,9930,16552,,,,,
352,,,,140005,448247,597663,12,12
353,HP,59,64,,,,,
354,DEF,3,5,,,,,
355,,,,220000,,,8,8
356,HP,31,80,,,,,
357,DEF,2,6,,,,,
358,HP,47,64,,,,,
359,,,,220000,,,8,8
360,HP,2249,4200,,,,,
361,DEF,127,232,,,,,
362,HP,2699,4500,,,,,
363,,,,220000,,,8,8
364,HP,85,92,,,,,
365,DEF,6,8,,,,,
366,,,,220000,,,8,8
367,HP,45,115,,,,,
368,DEF,4,10,,,,,
369,HP,68,92,,,,,
370,,,,220000,,,8,8
371,HP,530,990,,,,,
372,DEF,37,69,,,,,
373,HP,848,1415,,,,,
374,,,,220000,,,8,8
375,HP,296,317,,,,,
376,DEF,17,20,,,,,
377,,,,220000,,,8,8
378,HP,158,396,,,,,
379,DEF,11,24,,,,,
380,HP,237,317,,,,,
381,,,,220000,,,8,8
382,HP,1837,3431,,,,,
383,DEF,98,178,,,,,
384,HP,2940,4902,,,,,
385,,,,220000,,,8,8
386,HP,530,566,,,,,
387,DEF,37,42,,,,,
388,,,,220000,,,8,8
389,HP,282,708,,,,,
390,DEF,25,51,,,,,
391,HP,424,566,,,,,
392,,,,220000,,,8,8
393,HP,3288,6139,,,,,
394,DEF,207,377,,,,,
395,HP,5261,8769,,,,,
396,,,,220000,,,8,8
397,HP,148,159,,,,,
398,DEF,9,11,,,,,
399,,,,220000,,,8,8
400,HP,79,198,,,,,
401,DEF,6,13,,,,,
402,HP,118,159,,,,,
403,,,,220000,,,8,8
404,HP,919,1716,,,,,
405,DEF,52,95,,,,,
406,HP,1470,2451,,,,,
407,,,,220000,,,8,8
408,HP,184,197,,,,,
409,DEF,14,17,,,,,
410,,,,220000,,,8,8
411,HP,98,246,,,,,
412,DEF,9,20,,,,,
413,HP,147,197,,,,,
414,,,,220000,,,8,8
415,HP,1143,2135,,,,,
416,DEF,81,148,,,,,
417,HP,1829,3050,,,,,
418,,,,220000,,,8,8
419,HP,787,840,,,,,
420,DEF,47,53,,,,,
421,,,,220000,,,8,8
422,HP,419,1050,,,,,
423,DEF,31,63,,,,,
424,HP,629,840,,,,,
425,,,,220000,,,8,8
426,HP,4882,9115,,,,,
427,DEF,260,472,,,,,
428,HP,7812,13021,,,,,
429,,,,220000,,,8,8
430,HP,1241,1325,,,,,
431,DEF,88,99,,,,,
432,,,,220000,,,8,8
433,HP,662,1656,,,,,
434,DEF,58,118,,,,,
435,HP,993,1325,,,,,
436,,,,220000,,,8,8
437,HP,7697,14369,,,,,
438,DEF,486,882,,,,,
439,HP,12316,20527,,,,,
440,,,,220000,,,8,8
441,HP,382,409,,,,,
442,DEF,24,28,,,,,
443,,,,220000,,,8,8
444,HP,204,511,,,,,
445,DEF,16,33,,,,,
446,HP,306,409,,,,,
447,,,,220000,,,8,8
448,HP,2372,4430,,,,,
449,DEF,134,245,,,,,
450,HP,3796,6328,,,,,
451,,,,220000,,,8,8
452,HP,469,501,,,,,
453,DEF,37,42,,,,,
454,,,,220000,,,8,8
455,HP,250,626,,,,,
456,DEF,25,51,,,,,
457,HP,375,501,,,,,
458,,,,220000,,,8,8
459,HP,2908,5430,,,,,
460,DEF,206,375,,,,,
461,HP,4653,7757,,,,,
462,,,,220000,,,8,8
463,HP,2711,2893,,,,,
464,DEF,162,181,,,,,
465,,,,220000,,,8,8
466,HP,1446,3616,,,,,
467,DEF,108,217,,,,,
468,HP,2169,2893,,,,,
469,,,,220000,,,8,8
470,HP,16815,31389,,,,,
471,DEF,896,1626,,,,,
472,HP,26904,44841,,,,,
473,,,,220000,,,8,8
474,HP,2568,2740,,,,,
475,DEF,182,203,,,,,
476,,,,220000,,,8,8
477,HP,1369,3425,,,,,
478,DEF,121,244,,,,,
479,HP,2054,2740,,,,,
480,,,,220000,,,8,8
481,HP,15926,29729,,,,,
482,DEF,1006,1825,,,,,
483,HP,25481,42470,,,,,
484,,,,220000,,,8,8
485,HP,812,867,,,,,
486,DEF,51,58,,,,,
487,,,,220000,,,8,8
488,HP,433,1084,,,,,
489,DEF,34,70,,,,,
490,HP,649,867,,,,,
491,,,,220000,,,8,8
492,HP,5037,9404,,,,,
493,DEF,286,520,,,,,
494,HP,8060,13434,,,,,
495,,,,220000,,,8,8
496,HP,933,996,,,,,
497,DEF,74,83,,,,,
498,,,,220000,,,8,8
499,HP,497,1245,,,,,
500,DEF,49,100,,,,,
501,HP,746,996,,,,,
502,,,,220000,,,8,8
503,HP,5784,10799,,,,,
504,DEF,411,746,,,,,
505,HP,9255,15427,,,,,
506,,,,220000,,,8,8
507,HP,8384,8944,,,,,
508,DEF,503,559,,,,,
509,,,,220000,,,8,8
510,HP,4471,11180,,,,,
511,DEF,335,671,,,,,
512,HP,6707,8944,,,,,
513,,,,220000,,,8,8
514,HP,51989,97047,,,,,
515,DEF,2772,5026,,,,,
516,HP,83182,138638,,,,,
517,,,,220000,,,8,8
518,HP,7810,8332,,,,,
519,DEF,555,618,,,,,
520,,,,220000,,,8,8
521,HP,4165,10415,,,,,
522,DEF,370,741,,,,,
523,HP,6248,8332,,,,,
524,,,,220000,,,8,8
525,HP,48427,90399,,,,,
526,DEF,3061,5549,,,,,
527,HP,77484,129141,,,,,
528,,,,220000,,,8,8
529,HP,1687,1800,,,,,
530,DEF,107,120,,,,,
531,,,,220000,,,8,8
532,HP,899,2250,,,,,
533,DEF,71,144,,,,,
534,HP,1349,1800,,,,,
535,,,,220000,,,8,8
536,HP,10462,19531,,,,,
537,DEF,595,1079,,,,,
538,HP,16740,27901,,,,,
539,,,,220000,,,8,8
540,HP,1885,2012,,,,,
541,DEF,150,168,,,,,
542,,,,220000,,,8,8
543,HP,1005,2515,,,,,
544,DEF,100,202,,,,,
545,HP,1508,2012,,,,,
546,,,,220000,,,8,8
547,HP,11691,21825,,,,,
548,DEF,831,1507,,,,,
549,HP,18706,31178,,,,,
550,,,,220000,,,8,8
551,HP,3133,3343,,,,,
552,DEF,188,209,,,,,
553,,,,220000,,,8,8
554,HP,1671,4179,,,,,
555,DEF,125,251,,,,,
556,HP,2507,3343,,,,,
557,,,,220000,,,8,8
558,HP,19430,36271,,,,,
559,DEF,1036,1879,,,,,
560,HP,31089,51816,,,,,
561,,,,220000,,,8,8
562,HP,2922,3118,,,,,
563,DEF,207,231,,,,,
564,,,,220000,,,8,8
565,HP,1558,3898,,,,,
566,DEF,138,278,,,,,
567,HP,2338,3118,,,,,
568,,,,220000,,,8,8
569,HP,18122,33830,,,,,
570,DEF,1145,2077,,,,,
571,HP,28996,48328,,,,,
572,,,,220000,,,8,8
573,HP,3387,3613,,,,,
574,DEF,216,241,,,,,
575,,,,220000,,,8,8
576,HP,1806,4517,,,,,
577,DEF,144,290,,,,,
578,HP,2709,3613,,,,,
579,,,,220000,,,8,8
580,HP,21001,39202,,,,,
581,DEF,1194,2166,,,,,
582,HP,33601,56003,,,,,
583,,,,220000,,,8,8
584,HP,3788,4042,,,,,
585,DEF,303,337,,,,,
586,,,,220000,,,8,8
587,HP,2020,5052,,,,,
588,DEF,202,405,,,,,
589,HP,3031,4042,,,,,
590,,,,220000,,,8,8
591,HP,23492,43854,,,,,
592,DEF,1670,3028,,,,,
593,HP,37588,62648,,,,,
594,,,,220000,,,8,8
595,HP,6303,6724,,,,,
596,DEF,378,421,,,,,
597,,,,220000,,,8,8
598,HP,3361,8405,,,,,
599,DEF,252,505,,,,,
600,HP,5042,6724,,,,,
601,,,,220000,,,8,8
602,HP,39083,72956,,,,,
603,DEF,2084,3779,,,,,
604,HP,62533,104223,,,,,
605,,,,220000,,,8,8
606,HP,5885,6278,,,,,
607,DEF,418,465,,,,,
608,,,,220000,,,8,8
609,HP,3138,7847,,,,,
610,DEF,278,558,,,,,
611,HP,4708,6278,,,,,
612,,,,220000,,,8,8
613,HP,36488,68113,,,,,
614,DEF,2306,4181,,,,,
615,HP,58382,97304,,,,,
616,,,,220000,,,8,8
617,HP,4921,5250,,,,,
618,DEF,314,350,,,,,
619,,,,220000,,,8,8
620,HP,2624,6563,,,,,
621,DEF,209,420,,,,,
622,HP,3937,5250,,,,,
623,,,,220000,,,8,8
624,HP,30516,56964,,,,,
625,DEF,1736,3147,,,,,
626,HP,48826,81377,,,,,
627,,,,220000,,,8,8
628,HP,5502,5870,,,,,
629,DEF,440,490,,,,,
630,,,,220000,,,8,8
631,HP,2934,7337,,,,,
632,DEF,293,587,,,,,
633,HP,4401,5870,,,,,
634,,,,220000,,,8,8
635,HP,34116,63684,,,,,
636,DEF,2426,4398,,,,,
637,HP,54585,90977,,,,,
638,,,,220000,,,8,8
639,HP,9148,9759,,,,,
640,DEF,548,610,,,,,
641,,,,220000,,,8,8
642,HP,4879,12198,,,,,
643,DEF,365,732,,,,,
644,HP,7318,9759,,,,,
645,,,,220000,,,8,8
646,HP,56723,105883,,,,,
647,DEF,3025,5484,,,,,
648,HP,90756,151262,,,,,
649,,,,220000,,,8,8
650,HP,8536,9106,,,,,
651,DEF,607,675,,,,,
652,,,,220000,,,8,8
653,HP,4552,11382,,,,,
654,DEF,404,810,,,,,
655,HP,6829,9106,,,,,
656,,,,220000,,,8,8
657,HP,52927,98798,,,,,
658,DEF,3345,6064,,,,,
659,HP,84683,141140,,,,,
660,,,,220000,,,8,8
661,HP,8291,8845,,,,,
662,DEF,530,590,,,,,
663,,,,220000,,,8,8
664,HP,4422,11056,,,,,
665,DEF,353,708,,,,,
666,HP,6633,8845,,,,,
667,,,,220000,,,8,8
668,HP,51409,95965,,,,,
669,DEF,2924,5301,,,,,
670,HP,82254,137092,,,,,
671,,,,220000,,,8,8
672,HP,9255,9873,,,,,
673,DEF,740,823,,,,,
674,,,,220000,,,8,8
675,HP,4936,12342,,,,,
676,DEF,493,988,,,,,
677,HP,7404,9873,,,,,
678,,,,220000,,,8,8
679,HP,57389,107127,,,,,
680,DEF,4081,7397,,,,,
681,HP,91822,153039,,,,,
682,,,,220000,,,8,8
683,HP,15367,16393,,,,,
684,DEF,922,1025,,,,,
685,,,,220000,,,8,8
686,HP,8196,20491,,,,,
687,DEF,614,1230,,,,,
688,HP,12294,16393,,,,,
689,,,,220000,,,8,8
690,HP,95282,177861,,,,,
691,DEF,5081,9211,,,,,
692,HP,152452,254088,,,,,
693,,,,220000,,,8,8
694,HP,14339,15296,,,,,
695,DEF,1019,1134,,,,,
696,,,,220000,,,8,8
697,HP,7647,19120,,,,,
698,DEF,679,1360,,,,,
699,HP,11471,15296,,,,,
700,,,,220000,,,8,8
701,HP,88909,165966,,,,,
702,DEF,5619,10187,,,,,
703,HP,142255,237094,,,,,
704,,,,220000,,,8,8
705,SPD,14,16,,,,,
706,HIT,28,32,,,,,
707,,,,250000,,,8,8
708,SPD,7,20,,,,,
709,HIT,18,38,,,,,
710,SPD,11,16,,,,,
711,,,,250000,,,8,8
712,SPD,388,725,,,,,
713,HIT,650,1180,,,,,
714,SPD,465,777,,,,,
715,,,,250000,,,8,8
716,SPD,14,16,,,,,
717,HIT,28,32,,,,,
718,,,,250000,,,8,8
719,SPD,7,20,,,,,
720,HIT,19,39,,,,,
721,SPD,11,16,,,,,
722,,,,250000,,,8,8
723,SPD,91,172,,,,,
724,HIT,157,286,,,,,
725,SPD,146,245,,,,,
726,,,,250000,,,8,8
727,SPD,64,69,,,,,
728,HIT,89,100,,,,,
729,,,,250000,,,8,8
730,SPD,34,87,,,,,
731,HIT,59,120,,,,,
732,SPD,51,69,,,,,
733,,,,250000,,,8,8
734,SPD,400,748,,,,,
735,HIT,494,896,,,,,
736,SPD,640,1068,,,,,
737,,,,250000,,,8,8
738,SPD,197,211,,,,,
739,HIT,253,283,,,,,
740,,,,250000,,,8,8
741,SPD,105,264,,,,,
742,HIT,169,339,,,,,
743,SPD,157,211,,,,,
744,,,,250000,,,8,8
745,SPD,1224,2286,,,,,
746,HIT,1399,2537,,,,,
747,SPD,1959,3266,,,,,
748,,,,250000,,,8,8
749,SPD,34,37,,,,,
750,HIT,64,72,,,,,
751,,,,250000,,,8,8
752,SPD,18,46,,,,,
753,HIT,42,86,,,,,
754,SPD,27,37,,,,,
755,,,,250000,,,8,8
756,SPD,211,396,,,,,
757,HIT,355,645,,,,,
758,SPD,339,566,,,,,
759,,,,250000,,,8,8
760,SPD,35,39,,,,,
761,HIT,69,77,,,,,
762,,,,250000,,,8,8
763,SPD,19,48,,,,,
764,HIT,46,93,,,,,
765,SPD,28,39,,,,,
766,,,,250000,,,8,8
767,SPD,222,415,,,,,
768,HIT,380,691,,,,,
769,SPD,355,593,,,,,
770,,,,250000,,,8,8
771,SPD,193,207,,,,,
772,HIT,269,299,,,,,
773,,,,250000,,,8,8
774,SPD,103,259,,,,,
775,HIT,179,359,,,,,
776,SPD,154,207,,,,,
777,,,,250000,,,8,8
778,SPD,1201,2243,,,,,
779,HIT,1482,2688,,,,,
780,SPD,1922,3204,,,,,
781,,,,250000,,,8,8
782,SPD,425,454,,,,,
783,HIT,547,609,,,,,
784,,,,250000,,,8,8
785,SPD,226,568,,,,,
786,HIT,364,730,,,,,
787,SPD,340,454,,,,,
788,,,,250000,,,8,8
789,SPD,2638,4927,,,,,
790,HIT,3015,5467,,,,,
791,SPD,4222,7038,,,,,
792,,,,250000,,,8,8
793,SPD,87,94,,,,,
794,HIT,164,183,,,,,
795,,,,250000,,,8,8
796,SPD,46,117,,,,,
797,HIT,109,220,,,,,
798,SPD,69,94,,,,,
799,,,,250000,,,8,8
800,SPD,541,1010,,,,,
801,HIT,906,1644,,,,,
802,SPD,865,1443,,,,,
803,,,,250000,,,8,8
804,SPD,91,98,,,,,
805,HIT,177,197,,,,,
806,,,,250000,,,8,8
807,SPD,48,123,,,,,
808,HIT,118,237,,,,,
809,SPD,73,98,,,,,
810,,,,250000,,,8,8
811,SPD,569,1064,,,,,
812,HIT,976,1770,,,,,
813,SPD,911,1519,,,,,
814,,,,250000,,,8,8
815,SPD,459,490,,,,,
816,HIT,637,709,,,,,
817,,,,250000,,,8,8
818,SPD,244,613,,,,,
819,HIT,425,851,,,,,
820,SPD,367,490,,,,,
821,,,,250000,,,8,8
822,SPD,2847,5316,,,,,
823,HIT,3514,6371,,,,,
824,SPD,4556,7594,,,,,
825,,,,250000,,,8,8
826,SPD,629,672,,,,,
827,HIT,808,899,,,,,
828,,,,250000,,,8,8
829,SPD,335,839,,,,,
830,HIT,539,1079,,,,,
831,SPD,503,672,,,,,
832,,,,250000,,,8,8
833,SPD,3901,7283,,,,,
834,HIT,4458,8082,,,,,
835,SPD,6241,10404,,,,,
836,,,,250000,,,8,8
837,SPD,306,327,,,,,
838,HIT,578,643,,,,,
839,,,,250000,,,8,8
840,SPD,163,409,,,,,
841,HIT,385,771,,,,,
842,SPD,245,327,,,,,
843,,,,250000,,,8,8
844,SPD,1900,3549,,,,,
845,HIT,3185,5775,,,,,
846,SPD,3041,5069,,,,,
847,,,,250000,,,8,8
848,SPD,361,386,,,,,
849,HIT,696,775,,,,,
850,,,,250000,,,8,8
851,SPD,192,482,,,,,
852,HIT,464,929,,,,,
853,SPD,288,386,,,,,
854,,,,250000,,,8,8
855,SPD,2239,4181,,,,,
856,HIT,3839,6960,,,,,
857,SPD,3583,5973,,,,,
858,,,,250000,,,8,8
859,SPD,689,735,,,,,
860,HIT,956,1064,,,,,
861,,,,250000,,,8,8
862,SPD,367,919,,,,,
863,HIT,637,1276,,,,,
864,SPD,551,735,,,,,
865,,,,250000,,,8,8
866,SPD,4272,7975,,,,,
867,HIT,5273,9558,,,,,
868,SPD,6835,11393,,,,,
869,,,,250000,,,8,8
870,SPD,1029,1099,,,,,
871,HIT,1324,1472,,,,,
872,,,,250000,,,8,8
873,SPD,549,1374,,,,,
874,HIT,882,1766,,,,,
875,SPD,823,1099,,,,,
876,,,,250000,,,8,8
877,SPD,6385,11921,,,,,
878,HIT,7297,13228,,,,,
879,SPD,10217,17029,,,,,
880,,,,250000,,,8,8
881,SPD,1316,1404,,,,,
882,HIT,2482,2758,,,,,
883,,,,250000,,,8,8
884,SPD,701,1755,,,,,
885,HIT,1654,3310,,,,,
886,SPD,1052,1404,,,,,
887,,,,250000,,,8,8
888,SPD,8160,15234,,,,,
889,HIT,13679,24794,,,,,
890,SPD,13057,21763,,,,,
891,,,,250000,,,8,8
892,SPD,1188,1268,,,,,
893,HIT,2292,2548,,,,,
894,,,,250000,,,8,8
895,SPD,633,1585,,,,,
896,HIT,1528,3057,,,,,
897,SPD,950,1268,,,,,
898,,,,250000,,,8,8
899,SPD,7370,13759,,,,,
900,HIT,12635,22901,,,,,
901,SPD,11792,19655,,,,,
902,,,,250000,,,8,8
903,SPD,2264,2415,,,,,
904,HIT,3143,3494,,,,,
905,,,,250000,,,8,8
906,SPD,1207,3019,,,,,
907,HIT,2095,4192,,,,,
908,SPD,1811,2415,,,,,
909,,,,250000,,,8,8
910,SPD,14037,26204,,,,,
911,HIT,17326,31404,,,,,
912,SPD,22460,37434,,,,,
913,,,,250000,,,8,8
914,SPD,3379,3605,,,,,
915,HIT,4344,4828,,,,,
916,,,,250000,,,8,8
917,SPD,1802,4506,,,,,
918,HIT,2896,5793,,,,,
919,SPD,2703,3605,,,,,
920,,,,250000,,,8,8
921,SPD,20951,39109,,,,,
922,HIT,23944,43399,,,,,
923,SPD,33521,55870,,,,,
924,,,,250000,,,8,8
925,HIT,24,26,,,,,
926,DEF,4,6,,,,,
927,,,,240000,,,8,8
928,HIT,12,33,,,,,
929,DEF,3,7,,,,,
930,HIT,19,26,,,,,
931,,,,240000,,,8,8
932,HIT,742,1386,,,,,
933,DEF,127,232,,,,,
934,HIT,890,1485,,,,,
935,,,,240000,,,8,8
936,HIT,26,29,,,,,
937,DEF,7,9,,,,,
938,,,,240000,,,8,8
939,HIT,14,36,,,,,
940,DEF,5,11,,,,,
941,HIT,21,29,,,,,
942,,,,240000,,,8,8
943,HIT,165,310,,,,,
944,DEF,43,79,,,,,
945,HIT,265,442,,,,,
946,,,,240000,,,8,8
947,HIT,86,93,,,,,
948,DEF,23,26,,,,,
949,,,,240000,,,8,8
950,HIT,46,116,,,,,
951,DEF,15,31,,,,,
952,HIT,69,93,,,,,
953,,,,240000,,,8,8
954,HIT,538,1005,,,,,
955,DEF,127,232,,,,,
956,HIT,860,1435,,,,,
957,,,,240000,,,8,8
958,HIT,233,249,,,,,
959,DEF,49,56,,,,,
960,,,,240000,,,8,8
961,HIT,124,311,,,,,
962,DEF,33,67,,,,,
963,HIT,186,249,,,,,
964,,,,240000,,,8,8
965,HIT,1444,2698,,,,,
966,DEF,273,497,,,,,
967,HIT,2311,3853,,,,,
968,,,,240000,,,8,8
969,HIT,58,63,,,,,
970,DEF,11,13,,,,,
971,,,,240000,,,8,8
972,HIT,31,79,,,,,
973,DEF,7,16,,,,,
974,HIT,46,63,,,,,
975,,,,240000,,,8,8
976,HIT,362,678,,,,,
977,DEF,62,114,,,,,
978,HIT,580,968,,,,,
979,,,,240000,,,8,8
980,HIT,61,67,,,,,
981,DEF,18,21,,,,,
982,,,,240000,,,8,8
983,HIT,33,83,,,,,
984,DEF,12,25,,,,,
985,HIT,49,67,,,,,
986,,,,240000,,,8,8
987,HIT,384,718,,,,,
988,DEF,100,182,,,,,
989,HIT,614,1025,,,,,
990,,,,240000,,,8,8
991,HIT,243,260,,,,,
992,DEF,64,73,,,,,
993,,,,240000,,,8,8
994,HIT,129,325,,,,,
995,DEF,43,87,,,,,
996,HIT,194,260,,,,,
997,,,,240000,,,8,8
998,HIT,1509,2818,,,,,
999,DEF,357,649,,,,,
1000,HIT,2415,4026,,,,,
1001,,,,240000,,,8,8
1002,HIT,454,485,,,,,
1003,DEF,96,108,,,,,
1004,,,,240000,,,8,8
1005,HIT,242,606,,,,,
1006,DEF,64,130,,,,,
1007,HIT,363,485,,,,,
1008,,,,240000,,,8,8
1009,HIT,2814,5255,,,,,
1010,DEF,533,968,,,,,
1011,HIT,4503,7507,,,,,
1012,,,,240000,,,8,8
1013,HIT,155,166,,,,,
1014,DEF,30,34,,,,,
1015,,,,240000,,,8,8
1016,HIT,82,207,,,,,
1017,DEF,20,41,,,,,
1018,HIT,124,166,,,,,
1019,,,,240000,,,8,8
1020,HIT,962,1796,,,,,
1021,DEF,165,301,,,,,
1022,HIT,1539,2566,,,,,
1023,,,,240000,,,8,8
1024,HIT,164,175,,,,,
1025,DEF,48,54,,,,,
1026,,,,240000,,,8,8
1027,HIT,87,219,,,,,
1028,DEF,32,65,,,,,
1029,HIT,131,175,,,,,
1030,,,,240000,,,8,8
1031,HIT,1016,1899,,,,,
1032,DEF,265,481,,,,,
1033,HIT,1627,2712,,,,,
1034,,,,240000,,,8,8
1035,HIT,522,558,,,,,
1036,DEF,139,155,,,,,
1037,,,,240000,,,8,8
1038,HIT,278,697,,,,,
1039,DEF,92,186,,,,,
1040,HIT,418,558,,,,,
1041,,,,240000,,,8,8
1042,HIT,3240,6049,,,,,
1043,DEF,768,1393,,,,,
1044,HIT,5184,8641,,,,,
1045,,,,240000,,,8,8
1046,HIT,686,733,,,,,
1047,DEF,146,163,,,,,
1048,,,,240000,,,8,8
1049,HIT,366,916,,,,,
1050,DEF,97,196,,,,,
1051,HIT,549,733,,,,,
1052,,,,240000,,,8,8
1053,HIT,4256,7945,,,,,
1054,DEF,807,1463,,,,,
1055,HIT,6809,11350,,,,,
1056,,,,240000,,,8,8
1057,HIT,698,745,,,,,
1058,DEF,135,151,,,,,
1059,,,,240000,,,8,8
1060,HIT,372,932,,,,,
1061,DEF,90,181,,,,,
1062,HIT,558,745,,,,,
1063,,,,240000,,,8,8
1064,HIT,4329,8082,,,,,
1065,DEF,746,1353,,,,,
1066,HIT,6927,11546,,,,,
1067,,,,240000,,,8,8
1068,HIT,646,690,,,,,
1069,DEF,189,211,,,,,
1070,,,,240000,,,8,8
1071,HIT,344,863,,,,,
1072,DEF,126,253,,,,,
1073,HIT,517,690,,,,,
1074,,,,240000,,,8,8
1075,HIT,4010,7487,,,,,
1076,DEF,1045,1896,,,,,
1077,HIT,6417,10696,,,,,
1078,,,,240000,,,8,8
1079,HIT,889,949,,,,,
1080,DEF,237,264,,,,,
1081,,,,240000,,,8,8
1082,HIT,474,1187,,,,,
1083,DEF,158,317,,,,,
1084,HIT,711,949,,,,,
1085,,,,240000,,,8,8
1086,HIT,5515,10296,,,,,
1087,DEF,1307,2370,,,,,
1088,HIT,8824,14708,,,,,
1089,,,,240000,,,8,8
1090,HIT,1232,1315,,,,,
1091,DEF,262,293,,,,,
1092,,,,240000,,,8,8
1093,HIT,657,1644,,,,,
1094,DEF,175,351,,,,,
1095,HIT,986,1315,,,,,
1096,,,,240000,,,8,8
1097,HIT,7642,14267,,,,,
1098,DEF,1449,2627,,,,,
1099,HIT,12228,20381,,,,,
1100,,,,240000,,,8,8
1101,HIT,2409,2571,,,,,
1102,DEF,467,520,,,,,
1103,,,,240000,,,8,8
1104,HIT,1285,3214,,,,,
1105,DEF,311,624,,,,,
1106,HIT,1927,2571,,,,,
1107,,,,240000,,,8,8
1108,HIT,14941,27891,,,,,
1109,DEF,2575,4669,,,,,
1110,HIT,23905,39844,,,,,
1111,,,,240000,,,8,8
1112,HIT,2223,2373,,,,,
1113,DEF,652,725,,,,,
1114,,,,240000,,,8,8
1115,HIT,1186,2966,,,,,
1116,DEF,434,870,,,,,
1117,HIT,1779,2373,,,,,
1118,,,,240000,,,8,8
1119,HIT,13788,25739,,,,,
1120,DEF,3595,6517,,,,,
1121,HIT,22061,36770,,,,,
1122,,,,240000,,,8,8
1123,HIT,3046,3251,,,,,
1124,DEF,812,903,,,,,
1125,,,,240000,,,8,8
1126,HIT,1625,4063,,,,,
1127,DEF,541,1084,,,,,
1128,HIT,2437,3251,,,,,
1129,,,,240000,,,8,8
1130,HIT,18891,35265,,,,,
1131,DEF,4478,8117,,,,,
1132,HIT,30226,50379,,,,,
1133,,,,240000,,,8,8
1134,HIT,4207,4488,,,,,
1135,DEF,897,998,,,,,
1136,,,,240000,,,8,8
1137,HIT,2243,5610,,,,,
1138,DEF,598,1197,,,,,
1139,HIT,3365,4488,,,,,
1140,,,,240000,,,8,8
1141,HIT,26086,48694,,,,,
1142,DEF,4946,8966,,,,,
1143,HIT,41737,69563,,,,,
1144,,,,240000,,,8,8
1145,DEF,3,4,,,,,
1146,ATK,8,10,,,,,
1147,,,,110002,149,199,9,9
1148,DEF,1,5,,,,,
1149,ATK,5,12,,,,,
1150,DEF,3,5,,,,,
1151,,,,110005,106,142,9,9
1152,ATK,179,336,,,,,
1153,HIT,791,1436,,,,,
1154,ATK,287,480,,,,,
1155,,,,110005,5080,6774,9,9
1156,DEF,5,7,,,,,
1157,HP,142,159,,,,,
1158,,,,120002,226,302,9,9
1159,DEF,3,8,,,,,
1160,HP,94,190,,,,,
1161,DEF,5,8,,,,,
1162,,,,120005,162,216,9,9
1163,DEF,41,79,,,,,
1164,HP,671,1218,,,,,
1165,DEF,67,112,,,,,
1166,,,,120005,669,892,9,9
1167,DEF,17,20,,,,,
1168,HIT,134,150,,,,,
1169,,,,130002,1116,1488,9,9
1170,DEF,9,24,,,,,
1171,HIT,89,180,,,,,
1172,DEF,17,23,,,,,
1173,,,,130005,797,1063,9,9
1174,HP,2657,4961,,,,,
1175,DEF,141,257,,,,,
1176,HP,4251,7086,,,,,
1177,,,,130005,3296,4395,9,9
1178,DEF,38,42,,,,,
1179,SPD,339,378,,,,,
1180,,,,140002,3882,5176,9,9
1181,DEF,20,52,,,,,
1182,SPD,226,453,,,,,
1183,DEF,36,50,,,,,
1184,,,,140005,2773,3697,9,9
1185,SPD,1503,2807,,,,,
1186,ATK,420,762,,,,,
1187,SPD,2405,4010,,,,,
1188,,,,140005,11463,15285,9,9
1189,DEF,8,10,,,,,
1190,ATK,22,25,,,,,
1191,,,,110002,483,644,9,9
1192,DEF,4,12,,,,,
1193,ATK,14,30,,,,,
1194,DEF,8,12,,,,,
1195,,,,110005,345,460,9,9
1196,ATK,97,183,,,,,
1197,HIT,429,779,,,,,
1198,ATK,156,261,,,,,
1199,,,,110005,1426,1901,9,9
1200,DEF,14,16,,,,,
1201,HP,359,400,,,,,
1202,,,,120002,731,975,9,9
1203,DEF,7,20,,,,,
1204,HP,239,480,,,,,
1205,DEF,13,19,,,,,
1206,,,,120005,522,696,9,9
1207,DEF,106,198,,,,,
1208,HP,1697,3077,,,,,
1209,DEF,169,283,,,,,
1210,,,,120005,2159,2879,9,9
1211,DEF,49,53,,,,,
1212,HIT,374,417,,,,,
1213,,,,130002,4703,6270,9,9
1214,DEF,26,67,,,,,
1215,HIT,249,500,,,,,
1216,DEF,47,64,,,,,
1217,,,,130005,3359,4479,9,9
1218,HP,7373,13765,,,,,
1219,DEF,393,713,,,,,
1220,HP,11797,19664,,,,,
1221,,,,130005,13885,18514,9,9
1222,DEF,68,73,,,,,
1223,SPD,601,668,,,,,
1224,,,,140002,7277,9702,9,9
1225,DEF,36,91,,,,,
1226,SPD,400,802,,,,,
1227,DEF,65,88,,,,,
1228,,,,140005,5197,6930,9,9
1229,SPD,2662,4970,,,,,
1230,ATK,743,1348,,,,,
1231,SPD,4259,7100,,,,,
1232,,,,140005,21485,28647,9,9
1233,DEF,23,25,,,,,
1234,ATK,58,66,,,,,
1235,,,,110002,2053,2738,9,9
1236,DEF,12,32,,,,,
1237,ATK,39,79,,,,,
1238,DEF,22,30,,,,,
1239,,,,110005,1467,1956,9,9
1240,ATK,260,486,,,,,
1241,HIT,1145,2077,,,,,
1242,ATK,416,695,,,,,
1243,,,,110005,6064,8085,9,9
1244,DEF,36,40,,,,,
1245,HP,931,1036,,,,,
1246,,,,120002,2710,3614,9,9
1247,DEF,19,50,,,,,
1248,HP,621,1243,,,,,
1249,DEF,35,48,,,,,
1250,,,,120005,1936,2581,9,9
1251,DEF,275,514,,,,,
1252,HP,4401,7979,,,,,
1253,DEF,440,734,,,,,
1254,,,,120005,8004,10672,9,9
1255,DEF,110,118,,,,,
1256,HIT,833,927,,,,,
1257,,,,130002,10462,13950,9,9
1258,DEF,58,148,,,,,
1259,HIT,555,1112,,,,,
1260,DEF,105,142,,,,,
1261,,,,130005,7473,9964,9,9
1262,HP,16414,30641,,,,,
1263,DEF,875,1587,,,,,
1264,HP,26262,43772,,,,,
1265,,,,130005,30891,41188,9,9
1266,DEF,110,119,,,,,
1267,SPD,977,1086,,,,,
1268,,,,140002,11826,15768,9,9
1269,DEF,59,148,,,,,
1270,SPD,651,1304,,,,,
1271,DEF,106,142,,,,,
1272,,,,140005,8447,11263,9,9
1273,SPD,4328,8080,,,,,
1274,ATK,1209,2192,,,,,
1275,SPD,6925,11543,,,,,
1276,,,,140005,34916,46555,9,9
1277,DEF,133,143,,,,,
1278,ATK,337,375,,,,,
1279,,,,110002,18163,24218,9,9
1280,DEF,71,179,,,,,
1281,ATK,224,450,,,,,
1282,DEF,128,172,,,,,
1283,,,,110005,12974,17298,9,9
1284,ATK,1494,2791,,,,,
1285,HIT,6576,11921,,,,,
1286,ATK,2391,3986,,,,,
1287,,,,110005,53628,71504,9,9
1288,DEF,187,200,,,,,
1289,HP,4723,5248,,,,,
1290,,,,120002,18491,24655,9,9
1291,DEF,99,250,,,,,
1292,HP,3148,6298,,,,,
1293,DEF,179,240,,,,,
1294,,,,120005,13208,17611,9,9
1295,DEF,1394,2604,,,,,
1296,HP,22311,40440,,,,,
1297,DEF,2231,3719,,,,,
1298,,,,120005,54597,72796,9,9
1299,DEF,234,250,,,,,
1300,HIT,1769,1966,,,,,
1301,,,,130002,28212,37616,9,9
1302,DEF,124,313,,,,,
1303,HIT,1179,2360,,,,,
1304,DEF,224,300,,,,,
1305,,,,130005,20151,26868,9,9
1306,HP,34825,65009,,,,,
1307,DEF,1857,3367,,,,,
1308,HP,55721,92870,,,,,
1309,,,,130005,83297,111062,9,9
1310,DEF,259,277,,,,,
1311,SPD,2285,2540,,,,,
1312,,,,140002,35155,46874,9,9
1313,DEF,138,346,,,,,
1314,SPD,1523,3048,,,,,
1315,DEF,248,332,,,,,
1316,,,,140005,25111,33481,9,9
1317,SPD,10123,18897,,,,,
1318,ATK,2828,5126,,,,,
1319,SPD,16197,26996,,,,,
1320,,,,140005,103797,138396,9,9
1321,DEF,349,373,,,,,
1322,ATK,879,978,,,,,
1323,,,,110002,65529,87373,9,9
1324,DEF,186,466,,,,,
1325,ATK,586,1173,,,,,
1326,DEF,335,447,,,,,
1327,,,,110005,46807,62409,9,9
1328,ATK,3896,7273,,,,,
1329,HIT,17142,31072,,,,,
1330,ATK,6233,10390,,,,,
1331,,,,110005,193477,257970,9,9
1332,DEF,486,520,,,,,
1333,HP,12266,13630,,,,,
1334,,,,120002,66461,88615,9,9
1335,DEF,259,650,,,,,
1336,HP,8177,16356,,,,,
1337,DEF,467,624,,,,,
1338,,,,120005,47472,63296,9,9
1339,DEF,3621,6761,,,,,
1340,HP,57946,105029,,,,,
1341,DEF,5794,9658,,,,,
1342,,,,120005,196228,261637,9,9
1343,DEF,605,647,,,,,
1344,HIT,4578,5088,,,,,
1345,,,,130002,101063,134751,9,9
1346,DEF,323,808,,,,,
1347,HIT,3052,6106,,,,,
1348,DEF,581,776,,,,,
1349,,,,130005,72188,96250,9,9
1350,HP,90129,168241,,,,,
1351,DEF,4806,8713,,,,,
1352,HP,144206,240345,,,,,
1353,,,,130005,298390,397854,9,9
1354,DEF,669,714,,,,,
1355,SPD,5902,6559,,,,,
1356,,,,140002,125617,167490,9,9
1357,DEF,356,893,,,,,
1358,SPD,3935,7871,,,,,
1359,DEF,642,857,,,,,
1360,,,,140005,89726,119635,9,9
1361,SPD,26140,48797,,,,,
1362,ATK,7302,13237,,,,,
1363,SPD,41825,69710,,,,,
1364,,,,140005,370886,494515,9,9
1365,ATK,2,4,,,,,
1366,SPD,12,14,,,,,
1367,,,,210000,,,8,8
1368,ATK,1,4,,,,,
1369,SPD,8,17,,,,,
1370,ATK,2,4,,,,,
1371,,,,210000,,,8,8
1372,ATK,18,34,,,,,
1373,SPD,67,123,,,,,
1374,ATK,28,49,,,,,
1375,,,,210000,,,8,8
1376,ATK,8,9,,,,,
1377,SPD,34,39,,,,,
1378,,,,210000,,,8,8
1379,ATK,4,12,,,,,
1380,SPD,23,47,,,,,
1381,ATK,6,9,,,,,
1382,,,,210000,,,8,8
1383,ATK,51,96,,,,,
1384,SPD,191,347,,,,,
1385,ATK,81,137,,,,,
1386,,,,210000,,,8,8
1387,ATK,21,23,,,,,
1388,SPD,88,99,,,,,
1389,,,,210000,,,8,8
1390,ATK,11,29,,,,,
1391,SPD,59,119,,,,,
1392,ATK,16,23,,,,,
1393,,,,210000,,,8,8
1394,ATK,131,245,,,,,
1395,SPD,489,887,,,,,
1396,ATK,209,350,,,,,
1397,,,,210000,,,8,8
1398,ATK,45,49,,,,,
1399,SPD,192,214,,,,,
1400,,,,210000,,,8,8
1401,ATK,24,62,,,,,
1402,SPD,128,257,,,,,
1403,ATK,36,49,,,,,
1404,,,,210000,,,8,8
1405,ATK,284,531,,,,,
1406,SPD,1060,1923,,,,,
1407,ATK,454,758,,,,,
1408,,,,210000,,,8,8
1409,ATK,151,162,,,,,
1410,SPD,637,709,,,,,
1411,,,,210000,,,8,8
1412,ATK,80,203,,,,,
1413,SPD,424,850,,,,,
1414,ATK,121,162,,,,,
1415,,,,210000,,,8,8
1416,ATK,941,1757,,,,,
1417,SPD,3513,6369,,,,,
1418,ATK,1505,2510,,,,,
1419,,,,210000,,,8,8
1420,ATK,202,217,,,,,
1421,SPD,851,947,,,,,
1422,,,,210000,,,8,8
1423,ATK,108,271,,,,,
1424,SPD,567,1136,,,,,
1425,ATK,162,217,,,,,
1426,,,,210000,,,8,8
1427,ATK,1257,2348,,,,,
1428,SPD,4695,8511,,,,,
1429,ATK,2012,3354,,,,,
1430,,,,210000,,,8,8
1431,ATK,350,374,,,,,
1432,SPD,1470,1635,,,,,
1433,,,,210000,,,8,8
1434,ATK,186,467,,,,,
1435,SPD,980,1962,,,,,
1436,ATK,280,374,,,,,
1437,,,,210000,,,8,8
1438,ATK,2171,4054,,,,,
1439,SPD,8106,14694,,,,,
1440,ATK,3474,5791,,,,,
1441,,,,210000,,,8,8
1442,ATK,465,497,,,,,
1443,SPD,1956,2174,,,,,
1444,,,,210000,,,8,8
1445,ATK,248,622,,,,,
1446,SPD,1304,2609,,,,,
1447,ATK,372,497,,,,,
1448,,,,210000,,,8,8
1449,ATK,2888,5392,,,,,
1450,SPD,10782,19545,,,,,
1451,ATK,4621,7703,,,,,
1452,,,,210000,,,8,8
1453,ATK,831,888,,,,,
1454,SPD,3493,3882,,,,,
1455,,,,210000,,,8,8
1456,ATK,443,1109,,,,,
1457,SPD,2328,4658,,,,,
1458,ATK,665,888,,,,,
1459,,,,210000,,,8,8
1460,ATK,5156,9626,,,,,
1461,SPD,19251,34894,,,,,
1462,ATK,8250,13752,,,,,
1463,,,,210000,,,8,8
1464,HP,48,52,,,,,
1465,DEF,3,5,,,,,
1466,,,,220000,,,8,8
1467,HP,25,65,,,,,
1468,DEF,2,6,,,,,
1469,HP,38,52,,,,,
1470,,,,220000,,,8,8
1471,HP,301,563,,,,,
1472,DEF,21,39,,,,,
1473,HP,482,804,,,,,
1474,,,,220000,,,8,8
1475,HP,143,153,,,,,
1476,DEF,11,13,,,,,
1477,,,,220000,,,8,8
1478,HP,76,192,,,,,
1479,DEF,7,16,,,,,
1480,HP,114,153,,,,,
1481,,,,220000,,,8,8
1482,HP,888,1660,,,,,
1483,DEF,63,115,,,,,
1484,HP,1422,2371,,,,,
1485,,,,220000,,,8,8
1486,HP,360,385,,,,,
1487,DEF,28,33,,,,,
1488,,,,220000,,,8,8
1489,HP,192,482,,,,,
1490,DEF,19,39,,,,,
1491,HP,288,385,,,,,
1492,,,,220000,,,8,8
1493,HP,2237,4177,,,,,
1494,DEF,159,289,,,,,
1495,HP,3579,5967,,,,,
1496,,,,220000,,,8,8
1497,HP,758,810,,,,,
1498,DEF,60,68,,,,,
1499,,,,220000,,,8,8
1500,HP,404,1012,,,,,
1501,DEF,40,81,,,,,
1502,HP,607,810,,,,,
1503,,,,220000,,,8,8
1504,HP,4705,8784,,,,,
1505,DEF,334,607,,,,,
1506,HP,7528,12548,,,,,
1507,,,,220000,,,8,8
1508,HP,1660,1772,,,,,
1509,DEF,132,148,,,,,
1510,,,,220000,,,8,8
1511,HP,885,2215,,,,,
1512,DEF,88,178,,,,,
1513,HP,1328,1772,,,,,
1514,,,,220000,,,8,8
1515,HP,10296,19221,,,,,
1516,DEF,732,1328,,,,,
1517,HP,16474,27458,,,,,
1518,,,,220000,,,8,8
1519,HP,3329,3552,,,,,
1520,DEF,266,296,,,,,
1521,,,,220000,,,8,8
1522,HP,1775,4440,,,,,
1523,DEF,177,356,,,,,
1524,HP,2663,3552,,,,,
1525,,,,220000,,,8,8
1526,HP,20645,38538,,,,,
1527,DEF,1468,2661,,,,,
1528,HP,33032,55054,,,,,
1529,,,,220000,,,8,8
1530,HP,4841,5165,,,,,
1531,DEF,387,431,,,,,
1532,,,,220000,,,8,8
1533,HP,2582,6456,,,,,
1534,DEF,258,517,,,,,
1535,HP,3873,5165,,,,,
1536,,,,220000,,,8,8
1537,HP,30018,56034,,,,,
1538,DEF,2134,3870,,,,,
1539,HP,48028,80049,,,,,
1540,,,,220000,,,8,8
1541,HP,8168,8714,,,,,
1542,DEF,653,727,,,,,
1543,,,,220000,,,8,8
1544,HP,4356,10892,,,,,
1545,DEF,435,872,,,,,
1546,HP,6534,8714,,,,,
1547,,,,220000,,,8,8
1548,HP,50646,94541,,,,,
1549,DEF,3601,6528,,,,,
1550,HP,81034,135058,,,,,
1551,,,,220000,,,8,8
1552,HP,12655,13500,,,,,
1553,DEF,1012,1125,,,,,
1554,,,,220000,,,8,8
1555,HP,6749,16875,,,,,
1556,DEF,674,1350,,,,,
1557,HP,10124,13500,,,,,
1558,,,,220000,,,8,8
1559,HP,78470,146479,,,,,
1560,DEF,5580,10114,,,,,
1561,HP,125552,209255,,,,,
1562,,,,220000,,,8,8
1563,SPD,12,14,,,,,
1564,HIT,19,22,,,,,
1565,,,,250000,,,8,8
1566,SPD,6,17,,,,,
1567,HIT,12,26,,,,,
1568,SPD,9,14,,,,,
1569,,,,250000,,,8,8
1570,SPD,77,145,,,,,
1571,HIT,106,193,,,,,
1572,SPD,123,207,,,,,
1573,,,,250000,,,8,8
1574,SPD,36,40,,,,,
1575,HIT,56,64,,,,,
1576,,,,250000,,,8,8
1577,SPD,19,50,,,,,
1578,HIT,37,76,,,,,
1579,SPD,29,40,,,,,
1580,,,,250000,,,8,8
1581,SPD,228,427,,,,,
1582,HIT,313,569,,,,,
1583,SPD,365,610,,,,,
1584,,,,250000,,,8,8
1585,SPD,94,101,,,,,
1586,HIT,145,162,,,,,
1587,,,,250000,,,8,8
1588,SPD,50,126,,,,,
1589,HIT,97,195,,,,,
1590,SPD,75,101,,,,,
1591,,,,250000,,,8,8
1592,SPD,585,1093,,,,,
1593,HIT,802,1455,,,,,
1594,SPD,936,1561,,,,,
1595,,,,250000,,,8,8
1596,SPD,328,350,,,,,
1597,HIT,506,563,,,,,
1598,,,,250000,,,8,8
1599,SPD,174,438,,,,,
1600,HIT,337,675,,,,,
1601,SPD,262,350,,,,,
1602,,,,250000,,,8,8
1603,SPD,2034,3798,,,,,
1604,HIT,2790,5057,,,,,
1605,SPD,3255,5426,,,,,
1606,,,,250000,,,8,8
1607,SPD,1439,1535,,,,,
1608,HIT,2220,2467,,,,,
1609,,,,250000,,,8,8
1610,SPD,767,1919,,,,,
1611,HIT,1480,2961,,,,,
1612,SPD,1151,1535,,,,,
1613,,,,250000,,,8,8
1614,SPD,8922,16656,,,,,
1615,HIT,12236,22179,,,,,
1616,SPD,14275,23794,,,,,
1617,,,,250000,,,8,8
1618,HIT,18,21,,,,,
1619,DEF,5,6,,,,,
1620,,,,240000,,,8,8
1621,HIT,10,26,,,,,
1622,DEF,3,7,,,,,
1623,HIT,15,21,,,,,
1624,,,,240000,,,8,8
1625,HIT,117,220,,,,,
1626,DEF,27,51,,,,,
1627,HIT,188,314,,,,,
1628,,,,240000,,,8,8
1629,HIT,51,56,,,,,
1630,DEF,13,16,,,,,
1631,,,,240000,,,8,8
1632,HIT,27,70,,,,,
1633,DEF,9,19,,,,,
1634,HIT,41,56,,,,,
1635,,,,240000,,,8,8
1636,HIT,320,600,,,,,
1637,DEF,76,138,,,,,
1638,HIT,513,856,,,,,
1639,,,,240000,,,8,8
1640,HIT,137,147,,,,,
1641,DEF,36,41,,,,,
1642,,,,240000,,,8,8
1643,HIT,73,184,,,,,
1644,DEF,24,49,,,,,
1645,HIT,110,147,,,,,
1646,,,,240000,,,8,8
1647,HIT,854,1595,,,,,
1648,DEF,202,368,,,,,
1649,HIT,1366,2279,,,,,
1650,,,,240000,,,8,8
1651,HIT,622,665,,,,,
1652,DEF,166,185,,,,,
1653,,,,240000,,,8,8
1654,HIT,332,831,,,,,
1655,DEF,110,222,,,,,
1656,HIT,498,665,,,,,
1657,,,,240000,,,8,8
1658,HIT,3861,7208,,,,,
1659,DEF,915,1659,,,,,
1660,HIT,6178,10297,,,,,
1661,,,,240000,,,8,8
1662,HIT,2157,2302,,,,,
1663,DEF,575,640,,,,,
1664,,,,240000,,,8,8
1665,HIT,1150,2877,,,,,
1666,DEF,383,768,,,,,
1667,HIT,1726,2302,,,,,
1668,,,,240000,,,8,8
1669,HIT,13377,24972,,,,,
1670,DEF,3170,5748,,,,,
1671,HIT,21403,35673,,,,,
1672,,,,240000,,,8,8
1673,DEF,3,4,,,,,
1674,ATK,6,7,,,,,
1675,,,,210000,,,8,8
1676,DEF,1,5,,,,,
1677,ATK,4,9,,,,,
1678,DEF,3,5,,,,,
1679,,,,210000,,,8,8
1680,HIT,123,231,,,,,
1681,ATK,29,54,,,,,
1682,HIT,197,330,,,,,
1683,,,,210000,,,8,8
1684,DEF,10,12,,,,,
1685,ATK,17,20,,,,,
1686,,,,210000,,,8,8
1687,DEF,5,14,,,,,
1688,ATK,11,24,,,,,
1689,DEF,9,14,,,,,
1690,,,,210000,,,8,8
1691,HIT,348,650,,,,,
1692,ATK,82,150,,,,,
1693,HIT,556,929,,,,,
1694,,,,210000,,,8,8
1695,DEF,28,31,,,,,
1696,ATK,47,54,,,,,
1697,,,,210000,,,8,8
1698,DEF,15,39,,,,,
1699,ATK,31,64,,,,,
1700,DEF,27,37,,,,,
1701,,,,210000,,,8,8
1702,HIT,955,1785,,,,,
1703,ATK,226,411,,,,,
1704,HIT,1529,2550,,,,,
1705,,,,210000,,,8,8
1706,DEF,164,176,,,,,
1707,ATK,276,307,,,,,
1708,,,,210000,,,8,8
1709,DEF,87,220,,,,,
1710,ATK,184,369,,,,,
1711,DEF,157,211,,,,,
1712,,,,210000,,,8,8
1713,HIT,5505,10277,,,,,
1714,ATK,1304,2366,,,,,
1715,HIT,8808,14682,,,,,
1716,,,,210000,,,8,8
1717,DEF,430,459,,,,,
1718,ATK,722,804,,,,,
1719,,,,210000,,,8,8
1720,DEF,229,574,,,,,
1721,ATK,481,964,,,,,
1722,DEF,413,551,,,,,
1723,,,,210000,,,8,8
1724,HIT,14404,26890,,,,,
1725,ATK,3414,6189,,,,,
1726,HIT,23047,38414,,,,,
1727,,,,210000,,,8,8
