id,cost_ap,turn_limit,hp_option,atk_option,def_option,cri_option,hit_option,spd_option,background,bgm,item1,item1_ratio,item1_min,item1_max,item2,item2_ratio,item2_min,item2_max,item3,item3_ratio,item3_min,item3_max,item4,item4_ratio,item4_min,item4_max,item5,item5_ratio,item5_min,item5_max,item6,item6_ratio,item6_min,item6_max,item7,item7_ratio,item7_min,item7_max,item8,item8_ratio,item8_min,item8_max,item9,item9_ratio,item9_min,item9_max,item10,item10_ratio,item10_min,item10_max,min_drop,max_drop
1,5,150,0,0,0,0,0,0,chapter_01_01,bgm_yggdrasil_01,,,,,,,,,,,,,,,,,,,,,,,,,,,,,,,,,,,,,,,,,0,0
2,5,150,0,0,0,0,0,0,chapter_01_01,bgm_yggdrasil_01,303000,1,1,1,,,,,,,,,,,,,,,,,,,,,,,,,,,,,,,,,,,,,1,1
3,5,150,4,4,4,0,4,4,chapter_01_02,bgm_yggdrasil_02,303000,1,1,1,,,,,,,,,,,,,,,,,,,,,,,,,,,,,,,,,,,,,1,1
4,5,150,4,4,4,0,4,4,chapter_01_01,bgm_yggdrasil_01,303000,1,1,1,,,,,,,,,,,,,,,,,,,,,,,,,,,,,,,,,,,,,1,1
5,5,150,4,4,4,0,4,4,chapter_01_01,bgm_yggdrasil_01,303100,1,1,1,,,,,,,,,,,,,,,,,,,,,,,,,,,,,,,,,,,,,1,1
6,5,150,0,0,0,0,0,0,chapter_01_02,bgm_yggdrasil_02,303100,1,1,1,,,,,,,,,,,,,,,,,,,,,,,,,,,,,,,,,,,,,1,1
7,5,150,16,16,16,0,16,16,chapter_01_01,bgm_yggdrasil_01,303000,0.5,1,1,303100,0.5,1,1,,,,,,,,,,,,,,,,,,,,,,,,,,,,,,,,,1,1
8,5,150,21,21,21,0,21,21,chapter_01_02,bgm_yggdrasil_02,303000,0.5,1,1,303100,0.5,1,1,,,,,,,,,,,,,,,,,,,,,,,,,,,,,,,,,1,1
9,5,150,18,18,18,0,18,18,chapter_01_01,bgm_yggdrasil_01,303200,1,1,1,,,,,,,,,,,,,,,,,,,,,,,,,,,,,,,,,,,,,1,1
10,5,150,23,23,23,0,23,23,chapter_01_03,bgm_yggdrasil_03,303000,0.1,1,1,303100,0.1,1,1,303200,0.1,1,1,306023,0.7,1,3,,,,,,,,,,,,,,,,,,,,,,,,,1,1
11,5,150,29,29,29,0,29,29,chapter_01_01,bgm_yggdrasil_01,303000,0.1,1,2,303100,0.1,1,2,303200,0.1,1,2,306024,0.7,1,3,,,,,,,,,,,,,,,,,,,,,,,,,1,2
12,5,150,37,37,37,0,37,37,chapter_01_01,bgm_yggdrasil_01,303000,0.1,1,2,303100,0.1,1,2,303200,0.1,1,2,306025,0.7,1,3,,,,,,,,,,,,,,,,,,,,,,,,,1,2
13,5,150,34,34,34,0,34,34,chapter_01_02,bgm_yggdrasil_02,303000,0.1,1,2,303100,0.1,1,2,303200,0.1,1,2,306023,0.7,1,3,,,,,,,,,,,,,,,,,,,,,,,,,1,2
14,5,150,45,45,45,0,45,45,chapter_01_01,bgm_yggdrasil_01,303000,0.1,1,2,303100,0.1,1,2,303200,0.1,1,2,306024,0.7,1,3,,,,,,,,,,,,,,,,,,,,,,,,,1,2
15,5,150,45,45,45,0,45,45,chapter_01_01,bgm_yggdrasil_01,303300,1,1,1,,,,,,,,,,,,,,,,,,,,,,,,,,,,,,,,,,,,,1,1
16,5,150,36,36,36,0,36,36,chapter_01_02,bgm_yggdrasil_02,303100,0.1,1,2,303200,0.1,1,2,303300,0.1,1,2,306025,0.7,1,3,,,,,,,,,,,,,,,,,,,,,,,,,2,4
17,5,150,46,46,46,0,46,46,chapter_01_01,bgm_yggdrasil_01,303400,1,1,1,,,,,,,,,,,,,,,,,,,,,,,,,,,,,,,,,,,,,1,1
18,5,150,43,43,43,0,43,43,chapter_01_02,bgm_yggdrasil_02,303000,0.1,1,2,303100,0.1,1,2,303300,0.1,1,2,306001,0.7,1,3,,,,,,,,,,,,,,,,,,,,,,,,,2,4
19,5,150,18,18,18,0,18,18,chapter_01_01,bgm_yggdrasil_01,303000,0.1,1,2,303200,0.1,1,2,303300,0.1,1,2,306002,0.7,1,3,,,,,,,,,,,,,,,,,,,,,,,,,2,4
20,5,150,60,60,60,0,60,60,chapter_01_03,bgm_yggdrasil_03,303100,0.1,1,2,303200,0.1,1,2,303300,0.1,1,2,306000,0.7,1,3,,,,,,,,,,,,,,,,,,,,,,,,,2,4
21,5,150,71,71,71,0,71,71,chapter_01_01,bgm_yggdrasil_01,303000,0.1,1,2,303300,0.1,1,2,303400,0.1,1,2,306000,0.7,1,3,,,,,,,,,,,,,,,,,,,,,,,,,2,4
22,5,150,62,62,62,0,62,62,chapter_01_01,bgm_yggdrasil_01,303000,0.1,1,2,303100,0.1,1,2,303400,0.1,1,2,306001,0.7,1,3,,,,,,,,,,,,,,,,,,,,,,,,,2,4
23,5,150,58,58,58,0,58,58,chapter_01_02,bgm_yggdrasil_02,303100,0.1,1,2,303200,0.1,1,2,303300,0.1,1,2,306002,0.7,1,3,,,,,,,,,,,,,,,,,,,,,,,,,2,4
24,5,150,70,70,70,0,70,70,chapter_01_01,bgm_yggdrasil_01,303200,0.1,1,2,303300,0.1,1,2,303400,0.1,1,2,306001,0.7,1,3,,,,,,,,,,,,,,,,,,,,,,,,,2,4
25,5,150,80,80,80,0,80,80,chapter_01_01,bgm_yggdrasil_01,303000,0.1,1,2,303100,0.1,1,2,303300,0.1,1,2,306000,0.7,1,3,,,,,,,,,,,,,,,,,,,,,,,,,2,4
26,5,150,74,74,74,0,74,74,chapter_01_02,bgm_yggdrasil_02,303200,0.1,1,2,303300,0.1,1,2,303400,0.1,1,2,306001,0.7,1,3,,,,,,,,,,,,,,,,,,,,,,,,,2,4
27,5,150,64,64,64,0,64,64,chapter_01_01,bgm_yggdrasil_01,303001,1,1,1,,,,,,,,,,,,,,,,,,,,,,,,,,,,,,,,,,,,,1,1
28,5,150,57,57,57,0,57,57,chapter_01_02,bgm_yggdrasil_02,303001,0.1,1,2,303200,0.1,1,2,303400,0.1,1,2,306000,0.7,1,3,,,,,,,,,,,,,,,,,,,,,,,,,2,4
29,5,150,58,58,58,0,58,58,chapter_01_01,bgm_yggdrasil_01,303001,0.1,1,2,303100,0.1,1,2,303200,0.1,1,2,306023,0.7,1,3,,,,,,,,,,,,,,,,,,,,,,,,,2,4
30,5,150,49,49,49,0,49,49,chapter_01_03,bgm_yggdrasil_03,303100,0.1,1,2,303300,0.1,1,2,303400,0.1,1,2,306002,0.7,1,3,,,,,,,,,,,,,,,,,,,,,,,,,2,4
31,5,150,80,80,80,0,80,80,chapter_01_01,bgm_yggdrasil_01,303100,0.1,1,2,303200,0.1,1,2,303300,0.1,1,2,306024,0.7,1,3,,,,,,,,,,,,,,,,,,,,,,,,,2,4
32,5,150,84,84,84,0,84,84,chapter_01_01,bgm_yggdrasil_01,303100,0.1,1,2,303300,0.1,1,2,303400,0.1,1,2,306002,0.7,1,3,,,,,,,,,,,,,,,,,,,,,,,,,2,4
33,5,150,76,76,76,0,76,76,chapter_01_02,bgm_yggdrasil_02,303100,0.1,1,2,303200,0.1,1,2,303400,0.1,1,2,306001,0.7,1,3,,,,,,,,,,,,,,,,,,,,,,,,,2,4
34,5,150,92,92,92,0,92,92,chapter_01_01,bgm_yggdrasil_01,303001,0.1,1,2,303100,0.1,1,2,303400,0.1,1,2,306025,0.7,1,3,,,,,,,,,,,,,,,,,,,,,,,,,2,4
35,5,150,108,108,108,0,108,108,chapter_01_01,bgm_yggdrasil_01,303101,1,1,1,,,,,,,,,,,,,,,,,,,,,,,,,,,,,,,,,,,,,1,1
36,5,150,123,123,123,0,123,123,chapter_01_02,bgm_yggdrasil_02,303101,0.1,1,2,303200,0.1,1,2,303300,0.1,1,2,306023,0.7,1,3,,,,,,,,,,,,,,,,,,,,,,,,,2,4
37,5,150,85,85,85,0,85,85,chapter_01_01,bgm_yggdrasil_01,303001,0.1,1,2,303101,0.1,1,2,303300,0.1,1,2,306002,0.7,1,3,,,,,,,,,,,,,,,,,,,,,,,,,2,4
38,5,150,101,101,101,0,101,101,chapter_01_02,bgm_yggdrasil_02,303001,0.1,1,2,303200,0.1,1,2,303400,0.1,1,2,306024,0.7,1,3,,,,,,,,,,,,,,,,,,,,,,,,,2,4
39,5,150,92,92,92,0,92,92,chapter_01_01,bgm_yggdrasil_01,303101,0.1,1,2,303200,0.1,1,2,303300,0.1,1,2,306000,0.7,2,3,,,,,,,,,,,,,,,,,,,,,,,,,2,4
40,5,150,94,94,94,0,94,94,chapter_01_03,bgm_yggdrasil_03,303200,0.1,1,2,303300,0.1,1,2,303400,0.1,1,2,306024,0.7,2,3,,,,,,,,,,,,,,,,,,,,,,,,,2,4
41,5,150,114,114,114,0,114,114,chapter_01_01,bgm_yggdrasil_01,303201,1,1,1,,,,,,,,,,,,,,,,,,,,,,,,,,,,,,,,,,,,,1,1
42,5,150,133,133,133,0,133,133,chapter_01_01,bgm_yggdrasil_01,303001,0.1,1,2,303201,0.1,1,2,303300,0.1,1,2,306023,0.7,2,3,,,,,,,,,,,,,,,,,,,,,,,,,3,4
43,5,150,96,96,96,0,96,96,chapter_01_02,bgm_yggdrasil_02,303201,0.1,1,2,303300,0.1,1,2,303400,0.1,1,2,306025,0.7,2,3,,,,,,,,,,,,,,,,,,,,,,,,,3,4
44,5,150,118,118,118,0,118,118,chapter_01_01,bgm_yggdrasil_01,303001,0.1,1,2,303300,0.1,1,2,303400,0.1,1,2,306002,0.7,2,3,,,,,,,,,,,,,,,,,,,,,,,,,3,4
45,5,150,117,117,117,0,117,117,chapter_01_01,bgm_yggdrasil_01,303101,0.1,1,2,303300,0.1,1,2,303400,0.1,1,2,306001,0.7,2,3,,,,,,,,,,,,,,,,,,,,,,,,,3,4
46,5,150,96,96,96,0,96,96,chapter_01_02,bgm_yggdrasil_02,303101,0.1,1,2,303300,0.1,1,2,303400,0.1,1,2,306023,0.7,2,3,,,,,,,,,,,,,,,,,,,,,,,,,3,4
47,5,150,66,66,66,0,66,66,chapter_01_01,bgm_yggdrasil_01,303301,1,1,1,,,,,,,,,,,,,,,,,,,,,,,,,,,,,,,,,,,,,1,1
48,5,150,36,36,36,0,36,36,chapter_01_02,bgm_yggdrasil_02,303001,0.1,1,2,303201,0.1,1,2,303301,0.1,1,2,306000,0.7,2,3,,,,,,,,,,,,,,,,,,,,,,,,,3,4
49,5,150,63,63,63,0,63,63,chapter_01_01,bgm_yggdrasil_01,303001,0.1,1,2,303301,0.1,1,2,303400,0.1,1,2,306024,0.7,2,3,,,,,,,,,,,,,,,,,,,,,,,,,3,4
50,5,150,77,77,77,0,77,77,chapter_01_03,bgm_yggdrasil_03,303101,0.1,1,2,303201,0.1,1,2,303301,0.1,1,2,306025,0.7,2,3,,,,,,,,,,,,,,,,,,,,,,,,,3,4
51,5,150,137,137,137,0,137,137,chapter_02_01,bgm_alfheim_01,303000,0.1,1,2,303301,0.1,1,2,303400,0.1,1,2,306009,0.7,2,3,,,,,,,,,,,,,,,,,,,,,,,,,3,4
52,5,150,120,120,120,0,120,120,chapter_02_01,bgm_alfheim_01,303000,0.1,1,2,303201,0.1,1,2,303400,0.1,1,2,306010,0.7,2,3,,,,,,,,,,,,,,,,,,,,,,,,,3,4
53,5,150,102,102,102,0,102,102,chapter_02_02,bgm_alfheim_02,303401,1,1,1,,,,,,,,,,,,,,,,,,,,,,,,,,,,,,,,,,,,,1,1
54,5,150,104,104,104,0,104,104,chapter_02_01,bgm_alfheim_01,303000,0.1,1,2,303101,0.1,1,2,303401,0.1,1,2,306011,0.7,2,3,,,,,,,,,,,,,,,,,,,,,,,,,3,4
55,5,150,120,120,120,0,120,120,chapter_02_01,bgm_alfheim_01,303001,0.1,1,2,303201,0.1,1,2,303401,0.1,1,2,306010,0.7,2,3,,,,,,,,,,,,,,,,,,,,,,,,,3,4
56,5,150,112,112,112,0,112,112,chapter_02_02,bgm_alfheim_02,303001,0.1,1,2,303101,0.1,1,2,303401,0.1,1,2,306009,0.7,2,3,,,,,,,,,,,,,,,,,,,,,,,,,3,4
57,5,150,123,123,123,0,123,123,chapter_02_01,bgm_alfheim_01,303001,0.1,1,2,303301,0.1,1,2,303401,0.1,1,2,306000,0.7,2,3,,,,,,,,,,,,,,,,,,,,,,,,,3,4
58,5,150,118,118,118,0,118,118,chapter_02_02,bgm_alfheim_02,303201,0.1,1,2,303301,0.1,1,2,303401,0.1,1,2,306025,0.7,2,3,,,,,,,,,,,,,,,,,,,,,,,,,3,4
59,5,150,112,112,112,0,112,112,chapter_02_01,bgm_alfheim_01,303100,0.1,1,2,303201,0.1,1,2,303301,0.1,1,2,306011,0.7,2,3,,,,,,,,,,,,,,,,,,,,,,,,,3,4
60,5,150,142,142,142,0,142,142,chapter_02_03,bgm_alfheim_03,303100,0.1,1,2,303201,0.1,1,2,303401,0.1,1,2,306010,0.7,2,3,,,,,,,,,,,,,,,,,,,,,,,,,3,4
61,5,150,185,185,185,0,185,185,chapter_02_01,bgm_alfheim_01,303001,0.1,1,2,303100,0.1,1,2,303201,0.1,1,2,306026,0.5,2,3,306040,0.12,1,2,306041,0.08,1,1,,,,,,,,,,,,,,,,,3,4
62,5,150,126,126,126,0,126,126,chapter_02_01,bgm_alfheim_01,303101,0.1,1,2,303201,0.1,1,2,303301,0.1,1,2,306027,0.5,2,3,306040,0.12,1,2,306041,0.08,1,1,,,,,,,,,,,,,,,,,3,4
63,5,150,170,170,170,0,170,170,chapter_02_02,bgm_alfheim_02,303002,1,2,2,,,,,,,,,,,,,,,,,,,,,,,,,,,,,,,,,,,,,1,2
64,5,150,155,155,155,0,155,155,chapter_02_01,bgm_alfheim_01,303002,0.1,1,2,303201,0.1,1,2,303301,0.1,1,2,306028,0.5,2,3,306040,0.12,1,2,306041,0.08,1,1,,,,,,,,,,,,,,,,,3,4
65,5,150,167,167,167,0,167,167,chapter_02_01,bgm_alfheim_01,303002,0.1,1,2,303101,0.1,1,2,303401,0.1,1,2,306027,0.5,2,3,306040,0.12,1,2,306041,0.08,1,1,,,,,,,,,,,,,,,,,3,4
66,5,150,142,142,142,0,142,142,chapter_02_02,bgm_alfheim_02,303002,0.1,1,2,303301,0.1,1,2,303401,0.1,1,2,306028,0.5,2,3,306040,0.12,1,2,306041,0.08,1,1,,,,,,,,,,,,,,,,,3,4
67,5,150,166,166,166,0,166,166,chapter_02_01,bgm_alfheim_01,303002,0.1,1,2,303201,0.1,1,2,303401,0.1,1,2,306026,0.5,2,3,306040,0.12,1,2,306041,0.08,1,1,,,,,,,,,,,,,,,,,3,4
68,5,150,198,198,198,0,198,198,chapter_02_02,bgm_alfheim_02,303002,0.1,1,2,303200,0.1,1,2,303301,0.1,1,2,306009,0.5,2,3,306040,0.12,1,2,306043,0.08,1,1,,,,,,,,,,,,,,,,,3,4
69,5,150,181,181,181,0,181,181,chapter_02_01,bgm_alfheim_01,303101,0.1,1,2,303200,0.1,1,2,303301,0.1,1,2,306028,0.5,2,3,306040,0.12,1,2,306041,0.08,1,1,,,,,,,,,,,,,,,,,3,4
70,5,150,193,193,193,0,193,193,chapter_02_03,bgm_alfheim_03,306040,0.97,2,2,306041,0.01,1,1,306044,0.01,1,1,306043,0.01,1,1,,,,,,,,,,,,,,,,,,,,,,,,,1,2
71,5,150,190,190,190,0,190,190,chapter_02_01,bgm_alfheim_01,303101,0.1,1,2,303200,0.1,1,2,303301,0.1,1,2,306011,0.5,2,3,306040,0.12,1,2,306043,0.08,1,1,,,,,,,,,,,,,,,,,3,4
72,5,150,204,204,204,0,204,204,chapter_02_01,bgm_alfheim_01,303002,0.1,1,2,303101,0.1,1,2,303201,0.1,1,2,306027,0.5,2,3,306040,0.12,1,2,306041,0.08,1,1,,,,,,,,,,,,,,,,,3,4
73,5,150,171,171,171,0,171,171,chapter_02_02,bgm_alfheim_02,303101,0.1,1,2,303301,0.1,1,2,303401,0.1,1,2,306002,0.5,2,3,306040,0.12,1,2,306044,0.08,1,1,,,,,,,,,,,,,,,,,3,4
74,5,150,193,193,193,0,193,193,chapter_02_01,bgm_alfheim_01,303002,0.1,1,2,303101,0.1,1,2,303401,0.1,1,2,306010,0.5,2,3,306040,0.12,1,2,306043,0.08,1,1,,,,,,,,,,,,,,,,,3,4
75,5,150,194,194,194,0,194,194,chapter_02_01,bgm_alfheim_01,303102,1,2,2,,,,,,,,,,,,,,,,,,,,,,,,,,,,,,,,,,,,,1,2
76,5,150,185,185,185,0,185,185,chapter_02_02,bgm_alfheim_02,303102,0.1,1,2,303201,0.1,1,2,303401,0.1,1,2,306001,0.5,2,3,306040,0.12,1,2,306044,0.08,1,1,,,,,,,,,,,,,,,,,3,4
77,5,150,188,188,188,0,188,188,chapter_02_01,bgm_alfheim_01,303102,0.1,1,2,303201,0.1,1,2,303301,0.1,1,2,306011,0.5,2,3,306040,0.12,1,2,306043,0.08,1,1,,,,,,,,,,,,,,,,,3,4
78,5,150,200,200,200,0,200,200,chapter_02_02,bgm_alfheim_02,303201,0.1,1,2,303301,0.1,1,2,303401,0.1,1,2,306026,0.5,2,3,306040,0.12,1,2,306041,0.08,1,1,,,,,,,,,,,,,,,,,3,4
79,5,150,188,188,188,0,188,188,chapter_02_01,bgm_alfheim_01,303002,0.1,1,2,303301,0.1,1,2,303401,0.1,1,2,306000,0.5,2,3,306040,0.12,1,2,306044,0.08,1,1,,,,,,,,,,,,,,,,,3,4
80,5,150,194,194,194,0,194,194,chapter_02_03,bgm_alfheim_03,303102,0.1,1,2,303201,0.1,1,2,303300,0.1,1,2,306004,0.5,2,3,306040,0.12,1,2,306044,0.08,1,1,,,,,,,,,,,,,,,,,3,4
81,5,150,202,202,202,0,202,202,chapter_02_01,bgm_alfheim_01,303002,0.1,1,2,303102,0.1,1,2,303300,0.1,1,2,306010,0.5,2,3,306040,0.12,1,2,306043,0.08,1,1,,,,,,,,,,,,,,,,,3,4
82,5,150,174,174,174,0,174,174,chapter_02_01,bgm_alfheim_01,303002,0.1,1,2,303201,0.1,1,2,303300,0.1,1,2,306005,0.5,2,3,306040,0.12,1,2,306044,0.08,1,1,,,,,,,,,,,,,,,,,3,4
83,5,150,175,175,175,0,175,175,chapter_02_02,bgm_alfheim_02,303002,0.1,1,2,303201,0.1,1,2,303401,0.1,1,2,306003,0.5,2,3,306040,0.12,1,2,306044,0.08,1,1,,,,,,,,,,,,,,,,,3,4
84,5,150,175,175,175,0,175,175,chapter_02_01,bgm_alfheim_01,303002,0.1,1,2,303301,0.1,1,2,303401,0.1,1,2,306027,0.5,2,3,306040,0.12,1,2,306041,0.08,1,1,,,,,,,,,,,,,,,,,3,4
85,5,150,137,137,137,0,137,137,chapter_02_01,bgm_alfheim_01,303002,0.1,1,2,303102,0.1,1,2,303201,0.1,1,2,306028,0.5,2,3,306040,0.12,1,2,306041,0.08,1,1,,,,,,,,,,,,,,,,,3,4
86,5,150,174,174,174,0,174,174,chapter_02_02,bgm_alfheim_02,303002,0.1,1,2,303102,0.1,1,2,303401,0.1,1,2,306009,0.5,2,3,306040,0.12,1,2,306043,0.08,1,1,,,,,,,,,,,,,,,,,3,4
87,5,150,199,199,199,0,199,199,chapter_02_01,bgm_alfheim_01,303202,1,2,2,,,,,,,,,,,,,,,,,,,,,,,,,,,,,,,,,,,,,1,2
88,5,150,200,200,200,0,200,200,chapter_02_02,bgm_alfheim_02,303102,0.1,1,2,303202,0.1,1,2,303301,0.1,1,2,306026,0.5,2,3,306040,0.12,1,2,306041,0.08,1,1,,,,,,,,,,,,,,,,,3,4
89,5,150,224,224,224,0,224,224,chapter_02_01,bgm_alfheim_01,303002,0.1,1,2,303202,0.1,1,2,303301,0.1,1,2,306009,0.5,2,3,306040,0.12,1,2,306043,0.08,1,1,,,,,,,,,,,,,,,,,3,4
90,5,150,202,202,202,0,202,202,chapter_02_03,bgm_alfheim_03,303102,0.1,1,2,303202,0.1,1,2,303301,0.1,1,2,306004,0.5,2,3,306040,0.12,1,2,306044,0.08,1,1,,,,,,,,,,,,,,,,,3,4
91,5,150,216,216,216,0,216,216,chapter_02_01,bgm_alfheim_01,303002,0.1,1,2,303102,0.1,1,2,303301,0.1,1,2,306010,0.5,2,3,306040,0.12,1,2,306043,0.08,1,1,,,,,,,,,,,,,,,,,3,4
92,5,150,190,190,190,0,190,190,chapter_02_01,bgm_alfheim_01,303002,0.1,1,2,303301,0.1,1,2,303401,0.1,1,2,306005,0.5,2,3,306040,0.12,1,2,306044,0.08,1,1,,,,,,,,,,,,,,,,,3,4
93,5,150,196,196,196,0,196,196,chapter_02_02,bgm_alfheim_02,303102,0.1,1,2,303202,0.1,1,2,303400,0.1,1,2,306011,0.5,2,3,306040,0.12,1,2,306043,0.08,1,1,,,,,,,,,,,,,,,,,3,4
94,5,150,178,178,178,0,178,178,chapter_02_01,bgm_alfheim_01,303102,0.1,1,2,303301,0.1,1,2,303400,0.1,1,2,306003,0.5,2,3,306040,0.12,1,2,306044,0.08,1,1,,,,,,,,,,,,,,,,,3,4
95,5,150,194,194,194,0,194,194,chapter_02_01,bgm_alfheim_01,303102,0.1,1,2,303301,0.1,1,2,303400,0.1,1,2,306028,0.5,2,3,306040,0.12,1,2,306041,0.08,1,1,,,,,,,,,,,,,,,,,3,4
96,5,150,180,180,180,0,180,180,chapter_02_02,bgm_alfheim_02,303002,0.1,1,2,303202,0.1,1,2,303401,0.1,1,2,306027,0.5,2,3,306040,0.12,1,2,306041,0.08,1,1,,,,,,,,,,,,,,,,,3,4
97,5,150,152,152,152,0,152,152,chapter_02_01,bgm_alfheim_01,303002,0.1,1,2,303102,0.1,1,2,303301,0.1,1,2,306052,0.5,2,3,306040,0.12,1,2,306042,0.08,1,1,,,,,,,,,,,,,,,,,3,4
98,5,150,158,158,158,0,158,158,chapter_02_02,bgm_alfheim_02,303002,0.1,1,2,303102,0.1,1,2,303301,0.1,1,2,306051,0.5,2,3,306040,0.12,1,2,306042,0.08,1,1,,,,,,,,,,,,,,,,,3,4
99,5,150,166,166,166,0,166,166,chapter_02_01,bgm_alfheim_01,303000,0.1,1,2,303102,0.1,1,2,303301,0.1,1,2,306050,0.5,2,3,306040,0.12,1,2,306042,0.08,1,1,,,,,,,,,,,,,,,,,3,4
100,5,150,153,153,153,0,153,153,chapter_02_03,bgm_alfheim_03,303000,0.1,1,2,303202,0.1,1,2,303301,0.1,1,2,306026,0.5,2,3,306040,0.12,1,2,306041,0.08,1,1,,,,,,,,,,,,,,,,,3,4
101,5,150,285,204,204,0,204,204,chapter_03_01,bgm_svartalfheim_01,303000,0.1,1,2,303301,0.1,1,2,303401,0.1,1,2,306051,0.5,2,3,306040,0.12,1,2,306042,0.08,1,1,,,,,,,,,,,,,,,,,3,4
102,5,150,287,205,205,0,205,205,chapter_03_01,bgm_svartalfheim_01,303302,1,2,2,,,,,,,,,,,,,,,,,,,,,,,,,,,,,,,,,,,,,1,2
103,5,150,295,202,202,0,202,202,chapter_03_02,bgm_svartalfheim_02,303002,0.1,1,2,303102,0.1,1,2,303302,0.1,1,2,306050,0.5,2,3,306040,0.12,1,2,306042,0.08,1,1,,,,,,,,,,,,,,,,,3,4
104,5,150,245,172,172,0,172,172,chapter_03_01,bgm_svartalfheim_01,303202,0.1,1,2,303302,0.1,1,2,303401,0.1,1,2,306003,0.5,2,3,306040,0.12,1,2,306044,0.08,1,1,,,,,,,,,,,,,,,,,3,4
105,5,150,284,202,202,0,202,202,chapter_03_01,bgm_svartalfheim_01,303202,0.1,1,2,303302,0.1,1,2,303401,0.1,1,2,306013,0.5,2,3,306040,0.12,1,2,306043,0.08,1,1,,,,,,,,,,,,,,,,,3,4
106,5,150,266,185,185,0,185,185,chapter_03_02,bgm_svartalfheim_02,303002,0.1,1,2,303102,0.1,1,2,303401,0.1,1,2,306004,0.5,2,3,306040,0.12,1,2,306044,0.08,1,1,,,,,,,,,,,,,,,,,3,4
107,5,150,286,204,204,0,204,204,chapter_03_01,bgm_svartalfheim_01,303102,0.1,1,2,303302,0.1,1,2,303401,0.1,1,2,306014,0.5,2,3,306040,0.12,1,2,306043,0.08,1,1,,,,,,,,,,,,,,,,,3,4
108,5,150,305,219,219,0,219,219,chapter_03_02,bgm_svartalfheim_02,303002,0.1,1,2,303302,0.1,1,2,303401,0.1,1,2,306052,0.5,2,3,306040,0.12,1,2,306042,0.08,1,1,,,,,,,,,,,,,,,,,3,4
109,5,150,237,163,163,0,163,163,chapter_03_01,bgm_svartalfheim_01,303002,0.1,1,2,303102,0.1,1,2,303401,0.1,1,2,306005,0.5,2,3,306040,0.12,1,2,306044,0.08,1,1,,,,,,,,,,,,,,,,,3,4
110,5,150,264,181,181,0,181,181,chapter_03_03,bgm_svartalfheim_03,303002,0.1,1,2,303302,0.1,1,2,303401,0.1,1,2,306027,0.5,2,3,306040,0.12,1,2,306041,0.08,1,1,,,,,,,,,,,,,,,,,3,4
111,5,150,221,151,151,0,151,151,chapter_03_01,bgm_svartalfheim_01,303100,0.1,1,2,303202,0.1,1,2,303302,0.1,1,2,306026,0.5,2,3,306040,0.12,1,2,306041,0.08,1,1,,,,,,,,,,,,,,,,,3,4
112,5,150,222,156,156,0,156,156,chapter_03_01,bgm_svartalfheim_01,303100,0.1,1,2,303202,0.1,1,2,303302,0.1,1,2,306028,0.5,2,3,306040,0.12,1,2,306041,0.08,1,1,,,,,,,,,,,,,,,,,3,4
113,5,150,236,164,164,0,164,164,chapter_03_02,bgm_svartalfheim_02,303102,0.1,1,2,303302,0.1,1,2,303401,0.1,1,2,306012,0.5,2,3,306040,0.12,1,2,306043,0.08,1,1,,,,,,,,,,,,,,,,,3,4
114,5,150,251,178,178,0,178,178,chapter_03_01,bgm_svartalfheim_01,303001,0.1,1,2,303302,0.1,1,2,303401,0.1,1,2,306014,0.5,2,3,306040,0.12,1,2,306043,0.08,1,1,,,,,,,,,,,,,,,,,3,4
115,5,150,270,192,192,0,192,192,chapter_03_01,bgm_svartalfheim_01,303001,0.1,1,2,303202,0.1,1,2,303302,0.1,1,2,306051,0.5,2,3,306040,0.12,1,2,306042,0.08,1,1,,,,,,,,,,,,,,,,,3,4
116,5,150,291,203,203,0,203,203,chapter_03_02,bgm_svartalfheim_02,303002,0.1,1,2,303302,0.1,1,2,303401,0.1,1,2,306004,0.5,2,3,306040,0.12,1,2,306044,0.08,1,1,,,,,,,,,,,,,,,,,3,4
117,5,150,285,201,201,0,201,201,chapter_03_01,bgm_svartalfheim_01,303402,1,2,2,,,,,,,,,,,,,,,,,,,,,,,,,,,,,,,,,,,,,1,2
118,5,150,331,236,236,0,236,236,chapter_03_02,bgm_svartalfheim_02,303002,0.1,1,2,303302,0.1,1,2,303402,0.1,1,2,306050,0.5,2,3,306040,0.12,1,2,306042,0.08,1,1,,,,,,,,,,,,,,,,,3,4
119,5,150,317,228,228,0,228,228,chapter_03_01,bgm_svartalfheim_01,303102,0.1,1,2,303202,0.1,1,2,303402,0.1,1,2,306005,0.5,2,3,306040,0.12,1,2,306044,0.08,1,1,,,,,,,,,,,,,,,,,3,4
120,5,150,279,198,198,0,198,198,chapter_03_03,bgm_svartalfheim_03,303102,0.1,1,2,303302,0.1,1,2,303402,0.1,1,2,306004,0.5,2,3,306040,0.12,1,2,306044,0.08,1,1,,,,,,,,,,,,,,,,,3,4
121,5,150,363,260,260,0,260,260,chapter_03_01,bgm_svartalfheim_01,303002,0.1,1,2,303102,0.1,1,2,303202,0.1,1,2,306003,0.5,2,3,306040,0.12,1,2,306044,0.08,1,1,,,,,,,,,,,,,,,,,3,4
122,5,150,374,266,266,0,266,266,chapter_03_01,bgm_svartalfheim_01,303002,0.1,1,2,303102,0.1,1,2,303402,0.1,1,2,306052,0.5,2,3,306040,0.12,1,2,306042,0.08,1,1,,,,,,,,,,,,,,,,,3,4
123,5,150,339,241,241,0,241,241,chapter_03_02,bgm_svartalfheim_02,303002,0.1,1,2,303202,0.1,1,2,303402,0.1,1,2,306013,0.5,2,3,306040,0.12,1,2,306043,0.08,1,1,,,,,,,,,,,,,,,,,3,4
124,5,150,372,266,266,0,266,266,chapter_03_01,bgm_svartalfheim_01,303102,0.1,1,2,303202,0.1,1,2,303402,0.1,1,2,306027,0.5,2,3,306040,0.12,1,2,306041,0.08,1,1,,,,,,,,,,,,,,,,,3,4
125,5,150,351,251,251,0,251,251,chapter_03_01,bgm_svartalfheim_01,306040,0.96,2,2,306041,0.01,1,1,306044,0.01,1,1,306043,0.01,1,1,306042,0.01,1,1,,,,,,,,,,,,,,,,,,,,,1,2
126,5,150,313,212,212,0,212,212,chapter_03_02,bgm_svartalfheim_02,303002,0.1,1,2,303101,0.1,1,2,303402,0.1,1,2,306051,0.5,2,3,306040,0.12,1,2,306042,0.08,1,1,,,,,,,,,,,,,,,,,3,4
127,5,150,314,218,218,0,218,218,chapter_03_01,bgm_svartalfheim_01,303101,0.1,1,2,303202,0.1,1,2,303302,0.1,1,2,306013,0.5,2,3,306040,0.12,1,2,306043,0.08,1,1,,,,,,,,,,,,,,,,,3,4
128,5,150,315,220,220,0,220,220,chapter_03_02,bgm_svartalfheim_02,303102,0.1,1,2,303202,0.1,1,2,303302,0.1,1,2,306014,0.5,2,3,306040,0.12,1,2,306043,0.08,1,1,,,,,,,,,,,,,,,,,3,4
129,5,150,320,230,230,0,230,230,chapter_03_01,bgm_svartalfheim_01,303002,0.1,1,2,303202,0.1,1,2,303402,0.1,1,2,306012,0.5,2,3,306040,0.12,1,2,306043,0.08,1,1,,,,,,,,,,,,,,,,,3,4
130,5,150,333,234,234,0,234,234,chapter_03_03,bgm_svartalfheim_03,303002,0.1,1,2,303102,0.1,1,2,303302,0.1,1,2,306031,0.5,2,3,306035,0.12,1,2,306036,0.08,1,1,,,,,,,,,,,,,,,,,3,4
131,5,150,328,231,231,0,231,231,chapter_03_01,bgm_svartalfheim_01,303102,0.1,1,2,303302,0.1,1,2,303402,0.1,1,2,306029,0.5,2,3,306035,0.12,1,2,306036,0.08,1,1,,,,,,,,,,,,,,,,,3,4
132,5,150,324,224,224,0,224,224,chapter_03_01,bgm_svartalfheim_01,303002,0.1,1,2,303202,0.1,1,2,303302,0.1,1,2,306050,0.5,2,3,306040,0.12,1,2,306042,0.08,1,1,,,,,,,,,,,,,,,,,3,4
133,5,150,330,232,232,0,232,232,chapter_03_02,bgm_svartalfheim_02,303102,0.1,1,2,303302,0.1,1,2,303402,0.1,1,2,306030,0.5,2,3,306035,0.12,1,2,306036,0.08,1,1,,,,,,,,,,,,,,,,,3,4
134,5,150,380,271,271,0,271,271,chapter_03_01,bgm_svartalfheim_01,303102,0.1,1,2,303302,0.1,1,2,303402,0.1,1,2,306003,0.5,2,3,306040,0.12,1,2,306044,0.08,1,1,,,,,,,,,,,,,,,,,3,4
135,5,150,329,224,224,0,224,224,chapter_03_01,bgm_svartalfheim_01,303002,0.1,1,2,303202,0.1,1,2,303302,0.1,1,2,306028,0.5,2,3,306035,0.12,1,2,306036,0.08,1,1,,,,,,,,,,,,,,,,,3,4
136,5,150,365,259,259,0,259,259,chapter_03_02,bgm_svartalfheim_02,303102,0.1,1,2,303302,0.1,1,2,303402,0.1,1,2,306026,0.5,2,3,306040,0.12,1,2,306041,0.08,1,1,,,,,,,,,,,,,,,,,3,4
137,5,150,379,270,270,0,270,270,chapter_03_01,bgm_svartalfheim_01,303102,0.1,1,2,303302,0.1,1,2,303402,0.1,1,2,306005,0.5,2,3,306040,0.12,1,2,306044,0.08,1,1,,,,,,,,,,,,,,,,,3,4
138,5,150,280,187,187,0,187,187,chapter_03_02,bgm_svartalfheim_02,303002,0.1,1,2,303200,0.1,1,2,303302,0.1,1,2,306052,0.5,2,3,306040,0.12,1,2,306042,0.08,1,1,,,,,,,,,,,,,,,,,3,4
139,5,150,373,266,266,0,266,266,chapter_03_01,bgm_svartalfheim_01,303102,0.1,1,2,303200,0.1,1,2,303302,0.1,1,2,306004,0.5,2,3,306040,0.12,1,2,306044,0.08,1,1,,,,,,,,,,,,,,,,,3,4
140,5,150,357,250,250,0,250,250,chapter_03_03,bgm_svartalfheim_03,303202,0.1,1,2,303302,0.1,1,2,303402,0.1,1,2,306012,0.5,2,3,306040,0.12,1,2,306043,0.08,1,1,,,,,,,,,,,,,,,,,3,4
141,5,150,404,290,290,0,290,290,chapter_03_01,bgm_svartalfheim_01,303102,0.1,1,2,303202,0.1,1,2,303402,0.1,1,2,306029,0.5,2,3,306035,0.12,1,2,306036,0.08,1,1,,,,,,,,,,,,,,,,,3,4
142,5,150,351,245,245,0,245,245,chapter_03_01,bgm_svartalfheim_01,303102,0.1,1,2,303202,0.1,1,2,303302,0.1,1,2,306051,0.5,2,3,306035,0.12,1,2,306037,0.08,1,1,,,,,,,,,,,,,,,,,3,4
143,5,150,354,248,248,0,248,248,chapter_03_02,bgm_svartalfheim_02,303002,0.1,1,2,303202,0.1,1,2,303302,0.1,1,2,306031,0.5,2,3,306035,0.12,1,2,306036,0.08,1,1,,,,,,,,,,,,,,,,,3,4
144,5,150,332,232,232,0,232,232,chapter_03_01,bgm_svartalfheim_01,303002,0.1,1,2,303202,0.1,1,2,303402,0.1,1,2,306013,0.5,2,3,306040,0.12,1,2,306043,0.08,1,1,,,,,,,,,,,,,,,,,3,4
145,5,150,344,245,245,0,245,245,chapter_03_01,bgm_svartalfheim_01,303002,0.1,1,2,303202,0.1,1,2,303302,0.1,1,2,306012,0.5,2,3,306040,0.12,1,2,306043,0.08,1,1,,,,,,,,,,,,,,,,,3,4
146,5,150,351,250,250,0,250,250,chapter_03_02,bgm_svartalfheim_02,303002,0.1,1,2,303102,0.1,1,2,303302,0.1,1,2,306014,0.5,2,3,306040,0.12,1,2,306043,0.08,1,1,,,,,,,,,,,,,,,,,3,4
147,5,150,304,213,213,0,213,213,chapter_03_01,bgm_svartalfheim_01,303002,0.1,1,2,303302,0.1,1,2,303402,0.1,1,2,306030,0.5,2,3,306035,0.12,1,2,306036,0.08,1,1,,,,,,,,,,,,,,,,,3,4
148,5,150,246,167,167,0,167,167,chapter_03_02,bgm_svartalfheim_02,303002,0.1,1,2,303302,0.1,1,2,303402,0.1,1,2,306003,0.5,2,3,306040,0.12,1,2,306044,0.08,1,1,,,,,,,,,,,,,,,,,3,4
149,5,150,250,171,171,0,171,171,chapter_03_01,bgm_svartalfheim_01,303002,0.1,1,2,303102,0.1,1,2,303302,0.1,1,2,306050,0.5,2,3,306040,0.12,1,2,306042,0.08,1,1,,,,,,,,,,,,,,,,,3,4
150,5,150,250,173,173,0,173,173,chapter_03_03,bgm_svartalfheim_03,600101,0.9,2,4,600102,0.09999,1,3,600104,0.00001,1,1,,,,,,,,,,,,,,,,,,,,,,,,,,,,,4,6
151,5,150,445,317,317,0,381,317,chapter_04_01,bgm_asgard_01,306035,0.92,2,2,306036,0.02,1,1,306039,0.02,1,1,306038,0.02,1,1,306037,0.02,1,1,,,,,,,,,,,,,,,,,,,,,1,2
152,5,150,415,296,296,0,355,296,chapter_04_01,bgm_asgard_01,303002,0.1,1,2,303202,0.1,1,2,303402,0.1,1,2,306029,0.5,2,3,306035,0.12,1,2,306036,0.08,1,1,,,,,,,,,,,,,,,,,3,4
153,5,150,447,319,319,0,383,319,chapter_04_01,bgm_asgard_01,303002,0.1,1,2,303102,0.1,1,2,303302,0.1,1,2,306030,0.5,2,3,306035,0.12,1,2,306036,0.08,1,1,,,,,,,,,,,,,,,,,3,4
154,5,150,391,273,273,0,331,273,chapter_04_01,bgm_asgard_01,303002,0.1,1,2,303300,0.1,1,2,303402,0.1,1,2,306008,0.5,2,3,306035,0.12,1,2,306039,0.08,1,1,,,,,,,,,,,,,,,,,3,4
155,5,150,441,314,314,0,378,314,chapter_04_01,bgm_asgard_01,303102,0.1,1,2,303202,0.1,1,2,303300,0.1,1,2,306051,0.5,2,3,306035,0.12,1,2,306037,0.08,1,1,,,,,,,,,,,,,,,,,3,4
156,5,150,418,297,297,0,358,297,chapter_04_01,bgm_asgard_01,303102,0.1,1,2,303202,0.1,1,2,303302,0.1,1,2,306006,0.5,2,3,306035,0.12,1,2,306039,0.08,1,1,,,,,,,,,,,,,,,,,3,4
157,5,150,422,300,300,0,361,300,chapter_04_01,bgm_asgard_01,303102,0.1,1,2,303302,0.1,1,2,303402,0.1,1,2,306007,0.5,2,3,306035,0.12,1,2,306039,0.08,1,1,,,,,,,,,,,,,,,,,3,4
158,5,150,444,317,317,0,381,317,chapter_04_01,bgm_asgard_01,303002,0.1,1,2,303102,0.1,1,2,303402,0.1,1,2,306029,0.5,2,3,306035,0.12,1,2,306036,0.08,1,1,,,,,,,,,,,,,,,,,3,4
159,5,150,458,327,327,0,393,327,chapter_04_01,bgm_asgard_01,303002,0.1,1,2,303202,0.1,1,2,303302,0.1,1,2,306007,0.5,2,3,306035,0.12,1,2,306039,0.08,1,1,,,,,,,,,,,,,,,,,3,4
160,5,150,362,252,252,0,307,252,chapter_04_01,bgm_asgard_01,303002,0.1,1,2,303202,0.1,1,2,303402,0.1,1,2,306031,0.5,2,3,306035,0.12,1,2,306036,0.08,1,1,,,,,,,,,,,,,,,,,3,4
161,5,150,384,268,268,0,326,268,chapter_04_01,bgm_asgard_01,303002,0.1,1,2,303102,0.1,1,2,303402,0.1,1,2,306053,0.5,2,3,306035,0.12,1,2,306037,0.08,1,1,,,,,,,,,,,,,,,,,3,4
162,5,150,450,321,321,0,385,321,chapter_04_01,bgm_asgard_01,303002,0.1,1,2,303201,0.1,1,2,303302,0.1,1,2,306016,0.5,2,3,306035,0.12,1,2,306038,0.08,1,1,,,,,,,,,,,,,,,,,3,4
163,5,150,462,328,328,0,395,328,chapter_04_01,bgm_asgard_01,303102,0.1,1,2,303201,0.1,1,2,303402,0.1,1,2,306030,0.5,2,3,306035,0.12,1,2,306036,0.08,1,1,,,,,,,,,,,,,,,,,3,4
164,5,150,450,320,320,0,384,320,chapter_04_01,bgm_asgard_01,303102,0.1,1,2,303202,0.1,1,2,303302,0.1,1,2,306008,0.5,2,3,306035,0.12,1,2,306039,0.08,1,1,,,,,,,,,,,,,,,,,3,4
165,5,150,531,380,380,0,456,380,chapter_04_01,bgm_asgard_01,303002,0.1,1,2,303302,0.1,1,2,303402,0.1,1,2,306054,0.5,2,3,306035,0.12,1,2,306037,0.08,1,1,,,,,,,,,,,,,,,,,3,4
166,5,150,456,324,324,0,390,324,chapter_04_02,bgm_asgard_02,303002,0.1,1,2,303102,0.1,1,2,303402,0.1,1,2,306055,0.5,2,3,306035,0.12,1,2,306037,0.08,1,1,,,,,,,,,,,,,,,,,3,4
167,5,150,455,324,324,0,389,324,chapter_04_02,bgm_asgard_02,303002,0.1,1,2,303102,0.1,1,2,303302,0.1,1,2,306007,0.5,2,3,306035,0.12,1,2,306039,0.08,1,1,,,,,,,,,,,,,,,,,3,4
168,5,150,431,302,302,0,366,302,chapter_04_02,bgm_asgard_02,303002,0.1,1,2,303202,0.1,1,2,303302,0.1,1,2,306030,0.5,2,3,306035,0.12,1,2,306036,0.08,1,1,,,,,,,,,,,,,,,,,3,4
169,5,150,431,304,304,0,367,304,chapter_04_02,bgm_asgard_02,303002,0.1,1,2,303202,0.1,1,2,303302,0.1,1,2,306008,0.5,2,3,306035,0.12,1,2,306039,0.08,1,1,,,,,,,,,,,,,,,,,3,4
170,5,150,426,302,302,0,363,302,chapter_04_02,bgm_asgard_02,303202,0.1,1,2,303302,0.1,1,2,303400,0.1,1,2,306031,0.5,2,3,306035,0.12,1,2,306036,0.08,1,1,,,,,,,,,,,,,,,,,3,4
171,5,150,485,342,342,0,413,342,chapter_04_02,bgm_asgard_02,303102,0.1,1,2,303202,0.1,1,2,303400,0.1,1,2,306006,0.5,2,3,306035,0.12,1,2,306039,0.08,1,1,,,,,,,,,,,,,,,,,3,4
172,5,150,467,332,332,0,399,332,chapter_04_02,bgm_asgard_02,303002,0.1,1,2,303102,0.1,1,2,303302,0.1,1,2,306053,0.5,2,3,306035,0.12,1,2,306037,0.08,1,1,,,,,,,,,,,,,,,,,3,4
173,5,150,429,302,302,0,365,302,chapter_04_02,bgm_asgard_02,303001,0.1,1,2,303202,0.1,1,2,303402,0.1,1,2,306015,0.5,2,3,306035,0.12,1,2,306038,0.08,1,1,,,,,,,,,,,,,,,,,3,4
174,5,150,491,349,349,0,420,349,chapter_04_02,bgm_asgard_02,303001,0.1,1,2,303202,0.1,1,2,303402,0.1,1,2,306017,0.5,2,3,306035,0.12,1,2,306038,0.08,1,1,,,,,,,,,,,,,,,,,3,4
175,5,150,495,347,347,0,422,347,chapter_04_02,bgm_asgard_02,306035,0.88,2,2,306036,0.03,1,1,306039,0.03,1,1,306038,0.03,1,1,306037,0.03,1,1,,,,,,,,,,,,,,,,,,,,,1,2
176,5,150,412,291,291,0,351,291,chapter_04_02,bgm_asgard_02,303102,0.1,1,2,303202,0.1,1,2,303302,0.1,1,2,306029,0.5,2,3,306035,0.12,1,2,306036,0.08,1,1,,,,,,,,,,,,,,,,,3,4
177,5,150,424,298,298,0,361,298,chapter_04_02,bgm_asgard_02,303002,0.1,1,2,303302,0.1,1,2,303402,0.1,1,2,306055,0.5,2,3,306035,0.12,1,2,306037,0.08,1,1,,,,,,,,,,,,,,,,,3,4
178,5,150,503,358,358,0,430,358,chapter_04_02,bgm_asgard_02,303002,0.1,1,2,303202,0.1,1,2,303301,0.1,1,2,306016,0.5,2,3,306035,0.12,1,2,306038,0.08,1,1,,,,,,,,,,,,,,,,,3,4
179,5,150,464,331,331,0,397,331,chapter_04_02,bgm_asgard_02,303102,0.1,1,2,303301,0.1,1,2,303402,0.1,1,2,306054,0.5,2,3,306035,0.12,1,2,306037,0.08,1,1,,,,,,,,,,,,,,,,,3,4
180,5,150,529,379,379,0,453,379,chapter_04_02,bgm_asgard_02,303002,0.1,1,2,303202,0.1,1,2,303402,0.1,1,2,306008,0.5,2,3,306035,0.12,1,2,306039,0.08,1,1,,,,,,,,,,,,,,,,,3,4
181,5,150,497,348,348,0,422,348,chapter_04_02,bgm_asgard_02,303002,0.1,1,2,303302,0.1,1,2,303402,0.1,1,2,306030,0.5,2,3,306035,0.12,1,2,306036,0.08,1,1,,,,,,,,,,,,,,,,,3,4
182,5,150,543,388,388,0,465,388,chapter_04_02,bgm_asgard_02,303002,0.1,1,2,303101,0.1,1,2,303202,0.1,1,2,306016,0.5,2,3,306035,0.12,1,2,306038,0.08,1,1,,,,,,,,,,,,,,,,,3,4
183,5,150,442,309,309,0,376,309,chapter_04_03,bgm_asgard_03,303101,0.1,1,2,303202,0.1,1,2,303302,0.1,1,2,306006,0.5,2,3,306035,0.12,1,2,306039,0.08,1,1,,,,,,,,,,,,,,,,,3,4
184,5,150,479,339,339,0,408,339,chapter_04_03,bgm_asgard_03,303002,0.1,1,2,303102,0.1,1,2,303302,0.1,1,2,306007,0.5,2,3,306035,0.12,1,2,306039,0.08,1,1,,,,,,,,,,,,,,,,,3,4
185,5,150,456,323,323,0,389,323,chapter_04_03,bgm_asgard_03,303002,0.1,1,2,303102,0.1,1,2,303302,0.1,1,2,306053,0.5,2,3,306035,0.12,1,2,306037,0.08,1,1,,,,,,,,,,,,,,,,,3,4
186,5,150,518,363,363,0,441,363,chapter_04_03,bgm_asgard_03,303203,1,2,2,,,,,,,,,,,,,,,,,,,,,,,,,,,,,,,,,,,,,1,2
187,5,150,545,389,389,0,467,389,chapter_04_03,bgm_asgard_03,303002,0.1,1,2,303203,0.1,1,2,303302,0.1,1,2,306006,0.5,2,3,306035,0.12,1,2,306039,0.08,1,1,,,,,,,,,,,,,,,,,3,4
188,5,150,600,430,430,0,516,430,chapter_04_03,bgm_asgard_03,303002,0.1,1,2,303203,0.1,1,2,303402,0.1,1,2,306015,0.5,2,3,306035,0.12,1,2,306038,0.08,1,1,,,,,,,,,,,,,,,,,3,4
189,5,150,628,450,450,0,538,450,chapter_04_03,bgm_asgard_03,303203,0.1,1,2,303302,0.1,1,2,303402,0.1,1,2,306031,0.5,2,3,306035,0.12,1,2,306036,0.08,1,1,,,,,,,,,,,,,,,,,3,4
190,5,150,536,376,376,0,455,376,chapter_04_03,bgm_asgard_03,303102,0.1,1,2,303302,0.1,1,2,303402,0.1,1,2,306017,0.5,2,3,306035,0.12,1,2,306038,0.08,1,1,,,,,,,,,,,,,,,,,3,4
191,5,150,577,412,412,0,495,412,chapter_04_03,bgm_asgard_03,303002,0.1,1,2,303302,0.1,1,2,303402,0.1,1,2,306055,0.5,2,3,306035,0.12,1,2,306037,0.08,1,1,,,,,,,,,,,,,,,,,3,4
192,5,150,602,429,429,0,516,429,chapter_04_03,bgm_asgard_03,303102,0.1,1,2,303203,0.1,1,2,303302,0.1,1,2,306008,0.5,2,3,306035,0.12,1,2,306039,0.08,1,1,,,,,,,,,,,,,,,,,3,4
193,5,150,602,429,429,0,516,429,chapter_04_03,bgm_asgard_03,303002,0.1,1,2,303102,0.1,1,2,303302,0.1,1,2,306029,0.5,2,3,306035,0.12,1,2,306036,0.08,1,1,,,,,,,,,,,,,,,,,3,4
194,5,150,523,367,367,0,446,367,chapter_04_03,bgm_asgard_03,303203,0.1,1,2,303302,0.1,1,2,303402,0.1,1,2,306015,0.5,2,3,306035,0.12,1,2,306038,0.08,1,1,,,,,,,,,,,,,,,,,3,4
195,5,150,544,390,390,0,466,390,chapter_04_03,bgm_asgard_03,303102,0.1,1,2,303203,0.1,1,2,303302,0.1,1,2,306006,0.5,2,3,306035,0.12,1,2,306039,0.08,1,1,,,,,,,,,,,,,,,,,3,4
196,5,150,525,369,369,0,447,369,chapter_04_03,bgm_asgard_03,303002,0.1,1,2,303302,0.1,1,2,303402,0.1,1,2,306053,0.5,2,3,306035,0.12,1,2,306037,0.08,1,1,,,,,,,,,,,,,,,,,3,4
197,5,150,509,357,357,0,431,357,chapter_04_03,bgm_asgard_03,303002,0.1,1,2,303203,0.1,1,2,303402,0.1,1,2,306054,0.5,2,3,306035,0.12,1,2,306037,0.08,1,1,,,,,,,,,,,,,,,,,3,4
198,5,150,472,333,333,0,403,333,chapter_04_03,bgm_asgard_03,303203,0.1,1,2,303302,0.1,1,2,303402,0.1,1,2,306017,0.5,2,3,306035,0.12,1,2,306038,0.08,1,1,,,,,,,,,,,,,,,,,3,4
199,5,150,459,327,327,0,393,327,chapter_04_03,bgm_asgard_03,303203,0.1,1,2,303302,0.1,1,2,303402,0.1,1,2,306007,0.5,2,3,306035,0.12,1,2,306039,0.08,1,1,,,,,,,,,,,,,,,,,3,4
200,5,150,511,364,364,0,437,364,chapter_04_03,bgm_asgard_03,600101,0.48,2,4,600102,0.41,2,4,600103,0.10998,1,1,600104,0.00002,1,1,,,,,,,,,,,,,,,,,,,,,,,,,4,6
201,5,150,562,400,400,0,480,400,chapter_05_01,bgm_muspelheim_01,303002,0.223,1,1,303102,0.223,1,1,303201,0.223,1,1,306017,0.3,1,2,306045,0.024,1,1,306048,0.007,1,1,,,,,,,,,,,,,,,,,1,2
202,5,150,614,438,438,0,526,438,chapter_05_01,bgm_muspelheim_01,303102,0.223,1,1,303301,0.223,1,1,303401,0.223,1,1,306015,0.3,1,2,306045,0.024,1,1,306048,0.007,1,1,,,,,,,,,,,,,,,,,1,2
203,5,150,594,424,424,0,509,424,chapter_05_02,bgm_muspelheim_02,303102,0.223,1,1,303201,0.223,1,1,303301,0.223,1,1,306055,0.3,1,2,306045,0.024,1,1,306047,0.007,1,1,,,,,,,,,,,,,,,,,1,2
204,5,150,800,570,570,0,684,570,chapter_05_01,bgm_muspelheim_01,303002,0.223,1,1,303201,0.223,1,1,303301,0.223,1,1,306055,0.3,1,2,306045,0.024,1,1,306047,0.007,1,1,,,,,,,,,,,,,,,,,1,2
205,5,150,780,556,556,0,668,556,chapter_05_01,bgm_muspelheim_01,303002,0.223,1,1,303201,0.223,1,1,303401,0.223,1,1,306016,0.3,1,2,306045,0.024,1,1,306048,0.007,1,1,,,,,,,,,,,,,,,,,1,2
206,5,150,824,587,587,0,705,587,chapter_05_02,bgm_muspelheim_02,303002,0.223,1,1,303301,0.223,1,1,303401,0.223,1,1,306017,0.3,1,2,306045,0.024,1,1,306048,0.007,1,1,,,,,,,,,,,,,,,,,1,2
207,5,150,859,613,613,0,735,613,chapter_05_01,bgm_muspelheim_01,303201,0.223,1,1,303301,0.223,1,1,303401,0.223,1,1,306053,0.3,1,2,306045,0.024,1,1,306047,0.007,1,1,,,,,,,,,,,,,,,,,1,2
208,5,150,969,692,692,0,830,692,chapter_05_02,bgm_muspelheim_02,303102,0.223,1,1,303301,0.223,1,1,303401,0.223,1,1,306055,0.3,1,2,306045,0.024,1,1,306047,0.007,1,1,,,,,,,,,,,,,,,,,1,2
209,5,150,834,595,595,0,714,595,chapter_05_01,bgm_muspelheim_01,303002,0.223,1,1,303102,0.223,1,1,303301,0.223,1,1,306015,0.3,1,2,306045,0.024,1,1,306048,0.007,1,1,,,,,,,,,,,,,,,,,1,2
210,5,150,926,660,660,0,793,660,chapter_05_03,bgm_muspelheim_03,303002,0.22,1,1,303102,0.22,1,1,303201,0.22,1,1,306054,0.3,1,2,306045,0.03,1,1,306047,0.01,1,1,,,,,,,,,,,,,,,,,1,2
211,5,150,975,695,695,0,835,695,chapter_05_01,bgm_muspelheim_01,303102,0.22,1,1,303201,0.22,1,1,303401,0.22,1,1,306055,0.3,1,2,306045,0.03,1,1,306047,0.01,1,1,,,,,,,,,,,,,,,,,1,2
212,5,150,905,646,646,0,776,646,chapter_05_01,bgm_muspelheim_01,303002,0.22,1,1,303201,0.22,1,1,303302,0.22,1,1,306016,0.3,1,2,306045,0.03,1,1,306048,0.01,1,1,,,,,,,,,,,,,,,,,1,2
213,5,150,922,657,657,0,789,657,chapter_05_02,bgm_muspelheim_02,303002,0.22,1,1,303102,0.22,1,1,303401,0.22,1,1,306016,0.3,1,2,306045,0.03,1,1,306048,0.01,1,1,,,,,,,,,,,,,,,,,1,2
214,5,150,899,642,642,0,771,642,chapter_05_01,bgm_muspelheim_01,303102,0.22,1,1,303302,0.22,1,1,303401,0.22,1,1,306054,0.3,1,2,306045,0.03,1,1,306047,0.01,1,1,,,,,,,,,,,,,,,,,1,2
215,5,150,895,638,638,0,766,638,chapter_05_01,bgm_muspelheim_01,303201,0.22,1,1,303302,0.22,1,1,303401,0.22,1,1,306015,0.3,1,2,306045,0.03,1,1,306048,0.01,1,1,,,,,,,,,,,,,,,,,1,2
216,5,150,935,667,667,0,800,667,chapter_05_02,bgm_muspelheim_02,303102,0.218,1,1,303202,0.218,1,1,303401,0.218,1,1,306016,0.3,1,2,306045,0.036,1,1,306048,0.01,1,1,,,,,,,,,,,,,,,,,1,2
217,5,150,1001,715,715,0,858,715,chapter_05_01,bgm_muspelheim_01,303102,0.218,1,1,303202,0.218,1,1,303302,0.218,1,1,306054,0.3,1,2,306045,0.036,1,1,306047,0.01,1,1,,,,,,,,,,,,,,,,,1,2
218,5,150,952,679,679,0,816,679,chapter_05_02,bgm_muspelheim_02,303002,0.218,1,1,303302,0.218,1,1,303401,0.218,1,1,306017,0.3,1,2,306045,0.036,1,1,306048,0.01,1,1,,,,,,,,,,,,,,,,,1,2
219,5,150,993,710,710,0,852,710,chapter_05_01,bgm_muspelheim_01,303002,0.218,1,1,303202,0.218,1,1,303401,0.218,1,1,306053,0.3,1,2,306045,0.036,1,1,306047,0.01,1,1,,,,,,,,,,,,,,,,,1,2
220,5,150,932,665,665,0,798,665,chapter_05_03,bgm_muspelheim_03,303002,0.217,1,1,303102,0.217,1,1,303202,0.217,1,1,306017,0.3,1,2,306045,0.038,1,1,306048,0.011,1,1,,,,,,,,,,,,,,,,,1,2
221,5,150,1162,829,736,0,903,829,chapter_05_01,bgm_muspelheim_01,303202,0.217,1,1,303302,0.217,1,1,303401,0.217,1,1,306017,0.3,1,2,306045,0.038,1,1,306048,0.011,1,1,,,,,,,,,,,,,,,,,1,2
222,5,150,1315,939,800,0,988,939,chapter_05_01,bgm_muspelheim_01,303102,0.217,1,1,303302,0.217,1,1,303401,0.217,1,1,306015,0.3,1,2,306045,0.038,1,1,306048,0.011,1,1,,,,,,,,,,,,,,,,,1,2
223,5,150,1516,1083,891,0,1107,1083,chapter_05_02,bgm_muspelheim_02,303002,0.217,1,1,303202,0.217,1,1,303302,0.217,1,1,306055,0.3,1,2,306045,0.038,1,1,306047,0.011,1,1,,,,,,,,,,,,,,,,,1,2
224,5,150,1585,1133,906,0,1133,1133,chapter_05_01,bgm_muspelheim_01,303002,0.217,1,1,303202,0.217,1,1,303302,0.217,1,1,306016,0.3,1,2,306045,0.038,1,1,306048,0.011,1,1,,,,,,,,,,,,,,,,,1,2
225,5,150,1562,1115,891,0,1115,1115,chapter_05_01,bgm_muspelheim_01,303102,0.217,1,1,303202,0.217,1,1,303402,0.217,1,1,306016,0.3,1,2,306045,0.038,1,1,306048,0.011,1,1,,,,,,,,,,,,,,,,,1,2
226,5,150,1485,1082,864,0,1082,1082,chapter_05_02,bgm_muspelheim_02,303002,0.217,1,1,303102,0.217,1,1,303302,0.217,1,1,306015,0.3,1,2,306045,0.038,1,1,306048,0.011,1,1,,,,,,,,,,,,,,,,,1,2
227,5,150,1670,1169,935,0,1169,1169,chapter_05_01,bgm_muspelheim_01,303002,0.217,1,1,303102,0.217,1,1,303402,0.217,1,1,306053,0.3,1,2,306045,0.038,1,1,306047,0.011,1,1,,,,,,,,,,,,,,,,,1,2
228,5,150,1646,1152,920,0,1152,1152,chapter_05_02,bgm_muspelheim_02,303102,0.217,1,1,303302,0.217,1,1,303402,0.217,1,1,306017,0.3,1,2,306045,0.038,1,1,306048,0.011,1,1,,,,,,,,,,,,,,,,,1,2
229,5,150,1918,1370,1096,0,1370,1370,chapter_05_01,bgm_muspelheim_01,303202,0.217,1,1,303302,0.217,1,1,303402,0.217,1,1,306015,0.3,1,2,306045,0.038,1,1,306048,0.011,1,1,,,,,,,,,,,,,,,,,1,2
230,5,150,1539,1100,879,0,1100,1100,chapter_05_03,bgm_muspelheim_03,303002,0.216,1,1,303102,0.216,1,1,303202,0.216,1,1,306016,0.3,1,2,306045,0.04,1,1,306048,0.012,1,1,,,,,,,,,,,,,,,,,1,2
231,5,150,1808,1253,1002,0,1253,1253,chapter_05_01,bgm_muspelheim_01,303202,0.216,1,1,303302,0.216,1,1,303402,0.216,1,1,306055,0.3,1,2,306045,0.04,1,1,306047,0.012,1,1,,,,,,,,,,,,,,,,,1,2
232,5,150,1686,1162,928,0,1162,1162,chapter_05_01,bgm_muspelheim_01,303002,0.216,1,1,303202,0.216,1,1,303302,0.216,1,1,306054,0.3,1,2,306045,0.04,1,1,306047,0.012,1,1,,,,,,,,,,,,,,,,,1,2
233,5,150,1625,1086,869,0,1086,1086,chapter_05_02,bgm_muspelheim_02,303102,0.216,1,1,303202,0.216,1,1,303302,0.216,1,1,306015,0.3,1,2,306045,0.04,1,1,306048,0.012,1,1,,,,,,,,,,,,,,,,,1,2
234,5,150,1610,1110,887,0,1110,1110,chapter_05_01,bgm_muspelheim_01,303202,0.216,1,1,303302,0.216,1,1,303402,0.216,1,1,306053,0.3,1,2,306045,0.04,1,1,306047,0.012,1,1,,,,,,,,,,,,,,,,,1,2
235,5,150,1758,1164,931,0,1164,1164,chapter_05_01,bgm_muspelheim_01,303202,0.216,1,1,303302,0.216,1,1,303402,0.216,1,1,306054,0.3,1,2,306045,0.04,1,1,306047,0.012,1,1,,,,,,,,,,,,,,,,,1,2
236,5,150,1950,1278,1023,0,1278,1278,chapter_05_02,bgm_muspelheim_02,303002,0.216,1,1,303102,0.216,1,1,303402,0.216,1,1,306017,0.3,1,2,306045,0.04,1,1,306048,0.012,1,1,,,,,,,,,,,,,,,,,1,2
237,5,150,1832,1190,951,0,1190,1190,chapter_05_01,bgm_muspelheim_01,303102,0.216,1,1,303202,0.216,1,1,303302,0.216,1,1,306054,0.3,1,2,306045,0.04,1,1,306047,0.012,1,1,,,,,,,,,,,,,,,,,1,2
238,5,150,1850,1214,970,0,1214,1214,chapter_05_02,bgm_muspelheim_02,303203,0.216,1,1,303302,0.216,1,1,303402,0.216,1,1,306007,0.3,1,2,306045,0.04,1,1,306049,0.012,1,1,,,,,,,,,,,,,,,,,1,2
239,5,150,1795,1131,905,0,1131,1131,chapter_05_01,bgm_muspelheim_01,303002,0.216,1,1,303102,0.216,1,1,303402,0.216,1,1,306008,0.3,1,2,306045,0.04,1,1,306049,0.012,1,1,,,,,,,,,,,,,,,,,1,2
240,5,150,1965,1276,1020,0,1276,1276,chapter_05_03,bgm_muspelheim_03,303002,0.215,1,1,303302,0.215,1,1,303402,0.215,1,1,306006,0.3,1,2,306045,0.042,1,1,306049,0.013,1,1,,,,,,,,,,,,,,,,,1,2
241,5,150,1883,1346,1076,0,1346,1346,chapter_05_01,bgm_muspelheim_01,303102,0.215,1,1,303302,0.215,1,1,303402,0.215,1,1,306017,0.3,1,2,306045,0.042,1,1,306048,0.013,1,1,,,,,,,,,,,,,,,,,1,2
242,5,150,1792,1280,1024,0,1280,1280,chapter_05_01,bgm_muspelheim_01,303102,0.215,1,1,303203,0.215,1,1,303402,0.215,1,1,306053,0.3,1,2,306045,0.042,1,1,306047,0.013,1,1,,,,,,,,,,,,,,,,,1,2
243,5,150,1883,1346,1076,0,1346,1346,chapter_05_02,bgm_muspelheim_02,303002,0.215,1,1,303302,0.215,1,1,303402,0.215,1,1,306017,0.3,1,2,306045,0.042,1,1,306048,0.013,1,1,,,,,,,,,,,,,,,,,1,2
244,5,150,1829,1307,1045,0,1307,1307,chapter_05_01,bgm_muspelheim_01,303002,0.215,1,1,303102,0.215,1,1,303402,0.215,1,1,306055,0.3,1,2,306045,0.042,1,1,306047,0.013,1,1,,,,,,,,,,,,,,,,,1,2
245,5,150,1829,1307,1045,0,1307,1307,chapter_05_01,bgm_muspelheim_01,303002,0.215,1,1,303102,0.215,1,1,303203,0.215,1,1,306007,0.3,1,2,306045,0.042,1,1,306049,0.013,1,1,,,,,,,,,,,,,,,,,1,2
246,5,150,1756,1254,1003,0,1254,1254,chapter_05_02,bgm_muspelheim_02,303303,1,2,2,,,,,,,,,,,,,,,,,,,,,,,,,,,,,,,,,,,,,1,2
247,5,150,1810,1293,1034,0,1293,1293,chapter_05_01,bgm_muspelheim_01,303002,0.215,1,1,303102,0.215,1,1,303303,0.215,1,1,306029,0.3,1,2,306045,0.042,1,1,306046,0.013,1,1,,,,,,,,,,,,,,,,,1,2
248,5,150,1883,1346,1076,0,1346,1346,chapter_05_02,bgm_muspelheim_02,303002,0.215,1,1,303102,0.215,1,1,303303,0.215,1,1,306031,0.3,1,2,306045,0.042,1,1,306046,0.013,1,1,,,,,,,,,,,,,,,,,1,2
249,5,150,1829,1307,1045,0,1307,1307,chapter_05_01,bgm_muspelheim_01,303002,0.215,1,1,303203,0.215,1,1,303303,0.215,1,1,306030,0.3,1,2,306045,0.042,1,1,306046,0.013,1,1,,,,,,,,,,,,,,,,,1,2
250,5,150,2000,1400,1100,0,1400,1400,chapter_05_03,bgm_muspelheim_03,600101,0.44,2,4,600102,0.43,2,4,600103,0.12997,1,1,600104,0.00003,1,1,,,,,,,,,,,,,,,,,,,,,,,,,4,6
251,5,150,2200,1540,1210,0,1540,1540,chapter_06_01,bgm_jotunheim_01,303202,1,3,3,,,,,,,,,,,,,,,,,,,,,,,,,,,,,,,,,,,,,2,3
252,5,150,2226,1561,1226,0,1561,1561,chapter_06_01,bgm_jotunheim_01,303003,1,3,3,,,,,,,,,,,,,,,,,,,,,,,,,,,,,,,,,,,,,1,3
253,5,150,2253,1583,1242,0,1583,1583,chapter_06_02,bgm_jotunheim_02,303003,0.43,1,2,306055,0.5,3,3,306045,0.05,1,1,306046,0.02,1,1,,,,,,,,,,,,,,,,,,,,,,,,,1,3
254,5,150,2279,1604,1258,0,1604,1604,chapter_06_01,bgm_jotunheim_01,303303,0.43,1,2,306030,0.5,3,3,306045,0.05,1,1,306046,0.02,1,1,,,,,,,,,,,,,,,,,,,,,,,,,1,3
255,5,150,2306,1626,1274,0,1626,1626,chapter_06_01,bgm_jotunheim_01,303403,1,3,3,,,,,,,,,,,,,,,,,,,,,,,,,,,,,,,,,,,,,1,3
256,5,150,2332,1648,1290,0,1648,1648,chapter_06_02,bgm_jotunheim_02,303403,0.43,1,2,306029,0.5,3,3,306045,0.06,1,2,306046,0.03,1,1,,,,,,,,,,,,,,,,,,,,,,,,,1,3
257,5,150,2400,1850,1400,0,1700,1700,chapter_06_01,bgm_jotunheim_01,303203,0.43,1,2,306030,0.5,3,3,306045,0.06,1,2,306046,0.03,1,1,,,,,,,,,,,,,,,,,,,,,,,,,1,3
258,5,150,2385,1751,1382,0,1691,1691,chapter_06_02,bgm_jotunheim_02,303203,0.43,1,2,306029,0.5,3,3,306045,0.06,1,2,306046,0.03,1,1,,,,,,,,,,,,,,,,,,,,,,,,,1,3
259,5,150,2409,1720,1298,0,1703,1703,chapter_06_01,bgm_jotunheim_01,303103,1,3,3,,,,,,,,,,,,,,,,,,,,,,,,,,,,,,,,,,,,,1,3
260,5,150,2383,1719,1315,0,1724,1724,chapter_06_03,bgm_jotunheim_03,303103,0.43,1,2,306031,0.5,3,3,306045,0.06,1,2,306046,0.03,1,1,,,,,,,,,,,,,,,,,,,,,,,,,1,3
261,5,150,2407,1738,1331,0,1746,1746,chapter_06_01,bgm_jotunheim_01,303303,1,3,3,,,,,,,,,,,,,,,,,,,,,,,,,,,,,,,,,,,,,1,3
262,5,150,2431,1757,1347,0,1767,1767,chapter_06_01,bgm_jotunheim_01,303303,0.43,1,2,306008,0.5,3,3,306045,0.05,1,1,306049,0.02,1,1,,,,,,,,,,,,,,,,,,,,,,,,,1,3
263,5,150,2435,1776,1363,0,1789,1789,chapter_06_02,bgm_jotunheim_02,303003,0.43,1,2,306031,0.5,3,3,306045,0.05,1,1,306049,0.02,1,1,,,,,,,,,,,,,,,,,,,,,,,,,1,3
264,5,150,2490,1860,1420,0,1811,1811,chapter_06_01,bgm_jotunheim_01,303003,0.43,1,2,306008,0.5,3,3,306045,0.05,1,1,306049,0.02,1,1,,,,,,,,,,,,,,,,,,,,,,,,,1,3
265,5,150,2550,1890,1440,0,1932,1932,chapter_06_01,bgm_jotunheim_01,303403,0.43,1,2,306006,0.5,3,3,306045,0.05,1,1,306049,0.02,1,1,,,,,,,,,,,,,,,,,,,,,,,,,1,3
266,5,150,2507,1773,1351,0,1954,1954,chapter_06_02,bgm_jotunheim_02,303403,0.43,1,2,306007,0.5,3,3,306045,0.05,1,1,306049,0.02,1,1,,,,,,,,,,,,,,,,,,,,,,,,,1,3
267,5,150,2531,1792,1367,0,1876,1876,chapter_06_01,bgm_jotunheim_01,303203,1,3,3,,,,,,,,,,,,,,,,,,,,,,,,,,,,,,,,,,,,,1,3
268,5,150,2555,1811,1384,0,1897,1897,chapter_06_02,bgm_jotunheim_02,303203,0.43,1,2,306006,0.5,3,3,306045,0.06,1,1,306049,0.03,1,1,,,,,,,,,,,,,,,,,,,,,,,,,1,3
269,5,150,2579,1870,1400,0,1919,1919,chapter_06_01,bgm_jotunheim_01,303103,0.43,1,2,306007,0.5,3,3,306045,0.06,1,1,306049,0.03,1,1,,,,,,,,,,,,,,,,,,,,,,,,,1,3
270,5,150,2603,1849,1416,0,1941,1941,chapter_06_03,bgm_jotunheim_03,303103,0.43,1,2,306015,0.5,3,3,306045,0.06,1,1,306049,0.03,1,1,,,,,,,,,,,,,,,,,,,,,,,,,1,3
271,5,150,2627,1868,1432,0,1962,1962,chapter_06_01,bgm_jotunheim_01,303303,0.43,1,2,306016,0.5,3,3,306045,0.05,1,1,306048,0.02,1,1,,,,,,,,,,,,,,,,,,,,,,,,,1,3
272,5,150,2651,1887,1448,0,1984,1984,chapter_06_01,bgm_jotunheim_01,303303,0.43,1,2,306015,0.5,3,3,306045,0.05,1,1,306048,0.02,1,1,,,,,,,,,,,,,,,,,,,,,,,,,1,3
273,5,150,2675,1906,1464,0,2005,2005,chapter_06_02,bgm_jotunheim_02,303403,0.43,1,2,306016,0.5,3,3,306045,0.05,1,1,306048,0.02,1,1,,,,,,,,,,,,,,,,,,,,,,,,,1,3
274,5,150,2699,1925,1480,0,2027,2027,chapter_06_01,bgm_jotunheim_01,303403,0.43,1,2,306017,0.5,3,3,306045,0.05,1,1,306048,0.02,1,1,,,,,,,,,,,,,,,,,,,,,,,,,1,3
275,5,150,2723,1944,1496,0,2049,2049,chapter_06_01,bgm_jotunheim_01,303003,0.43,1,2,306016,0.5,3,3,306045,0.05,1,1,306048,0.02,1,1,,,,,,,,,,,,,,,,,,,,,,,,,1,3
276,5,150,2747,1963,1513,0,2070,2070,chapter_06_02,bgm_jotunheim_02,303003,0.43,1,2,306017,0.5,3,3,306045,0.05,1,1,306048,0.03,1,1,,,,,,,,,,,,,,,,,,,,,,,,,1,3
277,5,150,2771,1982,1529,0,2092,2092,chapter_06_01,bgm_jotunheim_01,303203,0.43,1,2,306015,0.5,3,3,306045,0.05,1,1,306048,0.03,1,1,,,,,,,,,,,,,,,,,,,,,,,,,1,3
278,5,150,2795,2001,1545,0,2114,2114,chapter_06_02,bgm_jotunheim_02,303203,0.43,1,2,306054,0.5,3,3,306045,0.05,1,1,306048,0.03,1,1,,,,,,,,,,,,,,,,,,,,,,,,,1,3
279,5,150,2819,2020,1561,0,2135,2135,chapter_06_01,bgm_jotunheim_01,303103,0.43,1,2,306015,0.5,3,3,306045,0.05,1,1,306048,0.03,1,1,,,,,,,,,,,,,,,,,,,,,,,,,1,3
280,5,150,2843,2039,1477,0,2157,2157,chapter_06_03,bgm_jotunheim_03,303103,0.43,1,2,306055,0.5,3,3,306045,0.05,1,1,306048,0.03,1,1,,,,,,,,,,,,,,,,,,,,,,,,,1,3
281,5,150,2807,2058,1493,0,2178,2178,chapter_06_01,bgm_jotunheim_01,303303,0.43,1,2,306054,0.5,3,3,306045,0.05,1,1,306047,0.02,1,1,,,,,,,,,,,,,,,,,,,,,,,,,1,3
282,5,150,2831,2077,1509,0,2200,2200,chapter_06_01,bgm_jotunheim_01,303303,1,3,3,,,,,,,,,,,,,,,,,,,,,,,,,,,,,,,,,,,,,2,3
283,5,150,2855,2096,1525,0,2222,2222,chapter_06_02,bgm_jotunheim_02,303403,0.43,1,2,306055,0.5,3,3,306045,0.05,1,1,306047,0.02,1,1,,,,,,,,,,,,,,,,,,,,,,,,,1,3
284,5,150,2879,2115,1542,0,2243,2243,chapter_06_01,bgm_jotunheim_01,303403,1,3,3,,,,,,,,,,,,,,,,,,,,,,,,,,,,,,,,,,,,,2,3
285,5,150,2903,2134,1558,0,2265,2265,chapter_06_01,bgm_jotunheim_01,303103,0.43,1,2,306053,0.5,3,3,306045,0.05,1,1,306047,0.02,1,1,,,,,,,,,,,,,,,,,,,,,,,,,1,3
286,5,150,2927,2153,1574,0,2287,2287,chapter_06_02,bgm_jotunheim_02,303103,1,3,3,,,,,,,,,,,,,,,,,,,,,,,,,,,,,,,,,,,,,2,3
287,5,150,2951,2172,1590,0,2308,2308,chapter_06_01,bgm_jotunheim_01,303203,0.43,1,2,306055,0.5,3,3,306045,0.05,1,1,306047,0.02,1,1,,,,,,,,,,,,,,,,,,,,,,,,,1,3
288,5,150,2975,2191,1606,0,2330,2330,chapter_06_02,bgm_jotunheim_02,303203,1,3,3,,,,,,,,,,,,,,,,,,,,,,,,,,,,,,,,,,,,,2,3
289,5,150,2999,2210,1622,0,2352,2352,chapter_06_01,bgm_jotunheim_01,303003,0.43,1,2,306054,0.5,3,3,306045,0.05,1,1,306047,0.02,1,1,,,,,,,,,,,,,,,,,,,,,,,,,1,3
290,5,150,3023,2229,1638,0,2373,2373,chapter_06_03,bgm_jotunheim_03,303003,1,3,3,,,,,,,,,,,,,,,,,,,,,,,,,,,,,,,,,,,,,2,3
291,5,150,3047,2248,1654,0,2395,2395,chapter_06_01,bgm_jotunheim_01,303303,0.43,1,2,306054,0.5,3,3,306045,0.05,1,1,306046,0.03,1,1,,,,,,,,,,,,,,,,,,,,,,,,,1,3
292,5,150,3071,2267,1671,0,2416,2416,chapter_06_01,bgm_jotunheim_01,303303,0.43,1,2,306053,0.5,3,3,306045,0.05,1,1,306046,0.03,1,1,,,,,,,,,,,,,,,,,,,,,,,,,1,3
293,5,150,3095,2286,1687,0,2438,2438,chapter_06_02,bgm_jotunheim_02,303103,0.43,1,2,306054,0.5,3,3,306045,0.05,1,1,306049,0.03,1,1,,,,,,,,,,,,,,,,,,,,,,,,,1,3
294,5,150,3169,2305,1703,0,2460,2460,chapter_06_01,bgm_jotunheim_01,303103,0.43,1,2,306053,0.5,3,3,306045,0.05,1,1,306048,0.03,1,1,,,,,,,,,,,,,,,,,,,,,,,,,1,3
295,5,150,3193,2324,1719,0,2481,2481,chapter_06_01,bgm_jotunheim_01,303203,0.43,1,2,306054,0.5,3,3,306045,0.05,1,1,306047,0.03,1,1,,,,,,,,,,,,,,,,,,,,,,,,,1,3
296,5,150,3157,2343,1735,0,2503,2503,chapter_06_02,bgm_jotunheim_02,303203,0.43,1,2,306055,0.5,3,3,306045,0.05,1,1,306046,0.03,1,1,,,,,,,,,,,,,,,,,,,,,,,,,1,3
297,5,150,3191,2362,1751,0,2525,2525,chapter_06_01,bgm_jotunheim_01,303403,0.43,1,2,306053,0.5,3,3,306045,0.05,1,1,306049,0.03,1,1,,,,,,,,,,,,,,,,,,,,,,,,,1,3
298,5,150,3015,2331,1567,0,2346,2346,chapter_06_02,bgm_jotunheim_02,303403,0.43,1,2,306054,0.5,3,3,306045,0.05,1,1,306048,0.03,1,1,,,,,,,,,,,,,,,,,,,,,,,,,1,3
299,5,150,3039,2400,1583,0,2503,2503,chapter_06_01,bgm_jotunheim_01,303003,0.43,1,2,306055,0.5,3,3,306045,0.05,1,1,306047,0.03,1,1,,,,,,,,,,,,,,,,,,,,,,,,,1,3
300,5,150,3063,2419,1600,0,2525,2525,chapter_06_03,bgm_jotunheim_03,303003,0.75,3,3,306045,0.1,3,3,306046,0.05,1,1,306049,0.05,1,1,306048,0.05,1,1,,,,,,,,,,,,,,,,,,,,,2,3
10000001,10,150,184,132,132,0,184,132,chapter_99_01,bgm_hard1,303200,0.15,1,1,306064,0.25,1,2,306065,0.1,1,2,306058,0.4,1,1,306059,0.1,1,1,,,,,,,,,,,,,,,,,,,,,4,4
10000002,10,150,228,163,163,0,228,163,chapter_99_01,bgm_hard2,303200,0.15,1,1,306064,0.25,1,2,306065,0.1,1,2,306058,0.4,1,1,306059,0.1,1,1,,,,,,,,,,,,,,,,,,,,,4,4
10000003,10,150,245,175,175,0,245,175,chapter_99_01,bgm_hard1,303200,0.15,1,1,306064,0.25,1,2,306065,0.1,1,2,306058,0.4,1,1,306059,0.1,1,1,,,,,,,,,,,,,,,,,,,,,4,4
10000004,10,150,266,190,190,0,266,190,chapter_99_01,bgm_hard2,303200,0.15,1,1,306064,0.25,1,2,306065,0.1,1,2,306058,0.4,1,1,306059,0.1,1,1,,,,,,,,,,,,,,,,,,,,,4,4
10000005,10,150,277,198,198,0,277,198,chapter_99_01,bgm_hard1,303300,0.15,1,1,306062,0.2,1,2,306063,0.1,1,2,306058,0.3,1,1,306059,0.25,1,1,,,,,,,,,,,,,,,,,,,,,4,4
10000006,10,150,254,182,182,0,254,182,chapter_99_01,bgm_hard2,303300,0.15,1,1,306062,0.2,1,2,306063,0.1,1,2,306058,0.3,1,1,306059,0.25,1,1,,,,,,,,,,,,,,,,,,,,,4,4
10000007,10,150,236,169,169,0,236,169,chapter_99_01,bgm_hard1,303300,0.15,1,1,306062,0.2,1,2,306063,0.1,1,2,306058,0.3,1,1,306059,0.25,1,1,,,,,,,,,,,,,,,,,,,,,4,4
10000008,10,150,273,195,195,0,273,195,chapter_99_01,bgm_hard2,303300,0.15,1,1,306062,0.2,1,2,306063,0.1,1,2,306058,0.3,1,1,306059,0.25,1,1,,,,,,,,,,,,,,,,,,,,,4,4
10000009,10,150,287,205,205,0,287,205,chapter_99_01,bgm_hard1,303100,0.15,1,1,306062,0.25,1,2,306063,0.1,1,2,306060,0.4,1,1,306061,0.1,1,1,,,,,,,,,,,,,,,,,,,,,4,4
10000010,10,150,301,215,215,0,301,215,chapter_99_01,bgm_hard2,303100,0.15,1,1,306062,0.25,1,2,306063,0.1,1,2,306060,0.4,1,1,306061,0.1,1,1,,,,,,,,,,,,,,,,,,,,,4,4
10000011,10,150,315,225,225,0,315,225,chapter_99_01,bgm_hard1,303100,0.15,1,1,306060,0.25,1,2,306061,0.1,1,2,306066,0.4,1,1,306058,0.1,1,1,,,,,,,,,,,,,,,,,,,,,4,4
10000012,10,150,329,235,235,0,329,235,chapter_99_01,bgm_hard2,303100,0.15,1,1,306060,0.25,1,2,306061,0.1,1,2,306066,0.4,1,1,306058,0.1,1,1,,,,,,,,,,,,,,,,,,,,,4,4
10000013,10,150,333,238,238,0,333,238,chapter_99_01,bgm_hard1,303000,0.15,1,1,306060,0.25,1,2,306061,0.1,1,2,306068,0.2,1,1,306058,0.3,1,1,,,,,,,,,,,,,,,,,,,,,4,4
10000014,10,150,337,241,241,0,337,241,chapter_99_01,bgm_hard2,303000,0.15,1,1,306060,0.25,1,2,306061,0.1,1,2,306068,0.2,1,1,306058,0.3,1,1,,,,,,,,,,,,,,,,,,,,,4,4
10000015,10,150,341,244,244,0,341,244,chapter_99_01,bgm_hard1,303000,0.15,1,1,306060,0.25,1,2,306061,0.1,1,2,306068,0.2,1,1,306058,0.3,1,1,,,,,,,,,,,,,,,,,,,,,4,4
10000016,10,150,345,247,247,0,345,247,chapter_99_01,bgm_hard2,303000,0.15,1,1,306060,0.25,1,2,306061,0.1,1,2,306068,0.3,1,1,306069,0.2,1,1,,,,,,,,,,,,,,,,,,,,,4,4
10000017,10,150,349,250,250,0,349,250,chapter_99_01,bgm_hard1,303400,0.15,1,1,306066,0.2,1,2,306067,0.25,1,2,306068,0.2,1,1,306069,0.2,1,1,,,,,,,,,,,,,,,,,,,,,4,4
10000018,10,150,353,253,253,0,353,253,chapter_99_01,bgm_hard2,303400,0.15,1,1,306066,0.2,1,2,306067,0.25,1,2,306068,0.2,1,1,306069,0.2,1,1,,,,,,,,,,,,,,,,,,,,,4,4
10000019,10,150,357,256,256,0,357,256,chapter_99_01,bgm_hard1,303400,0.15,1,1,306066,0.2,1,2,306067,0.25,1,2,306068,0.2,1,1,306069,0.2,1,2,,,,,,,,,,,,,,,,,,,,,4,4
10000020,10,150,357,256,256,0,357,256,chapter_99_01,bgm_hard2,303400,0.15,1,1,306066,0.05,1,2,306067,0.35,1,2,306068,0.15,1,1,306069,0.3,1,2,,,,,,,,,,,,,,,,,,,,,4,4
10000021,10,150,291,232,232,0,291,232,chapter_99_01,bgm_hard1,303200,0.15,1,1,306070,0.45,1,2,306071,0.3,1,2,306074,0.1,1,1,,,,,,,,,,,,,,,,,,,,,,,,,4,4
10000022,10,150,294,237,237,0,294,237,chapter_99_01,bgm_hard2,303200,0.15,1,1,306070,0.45,1,2,306071,0.3,1,2,306074,0.1,1,1,,,,,,,,,,,,,,,,,,,,,,,,,4,4
10000023,10,150,298,242,242,0,298,242,chapter_99_01,bgm_hard1,303200,0.15,1,1,306070,0.45,1,2,306071,0.3,1,2,306074,0.1,1,2,,,,,,,,,,,,,,,,,,,,,,,,,4,4
10000024,10,150,301,247,247,0,301,247,chapter_99_01,bgm_hard2,303200,0.15,1,1,306070,0.45,1,2,306071,0.3,1,2,306074,0.1,1,2,,,,,,,,,,,,,,,,,,,,,,,,,4,4
10000025,10,150,305,252,252,0,305,252,chapter_99_01,bgm_hard1,303100,0.15,1,1,306070,0.3,1,2,306071,0.3,1,2,306074,0.15,1,1,306073,0.1,1,1,,,,,,,,,,,,,,,,,,,,,4,4
10000026,10,150,308,257,257,0,308,257,chapter_99_01,bgm_hard2,303100,0.15,1,1,306070,0.3,1,2,306071,0.3,1,2,306074,0.15,1,1,306073,0.1,1,1,,,,,,,,,,,,,,,,,,,,,4,4
10000027,10,150,312,262,262,0,312,262,chapter_99_01,bgm_hard1,303100,0.15,1,1,306070,0.3,1,2,306071,0.3,1,2,306074,0.15,1,1,306073,0.1,1,2,,,,,,,,,,,,,,,,,,,,,4,4
10000028,10,150,315,267,267,0,315,267,chapter_99_01,bgm_hard2,303100,0.15,1,1,306070,0.3,1,2,306071,0.3,1,2,306074,0.15,1,1,306073,0.1,1,2,,,,,,,,,,,,,,,,,,,,,4,4
10000029,10,150,319,272,272,0,319,272,chapter_99_01,bgm_hard1,303300,0.15,1,1,306070,0.2,1,2,306071,0.25,1,2,306073,0.3,1,1,306077,0.1,1,1,,,,,,,,,,,,,,,,,,,,,4,4
10000030,10,150,322,277,277,0,322,277,chapter_99_01,bgm_hard2,303300,0.15,1,1,306070,0.2,1,2,306071,0.25,1,2,306073,0.3,1,1,306077,0.1,1,1,,,,,,,,,,,,,,,,,,,,,4,4
10000031,10,150,326,282,282,0,326,282,chapter_99_01,bgm_hard1,303300,0.15,1,1,306070,0.2,1,2,306071,0.25,1,2,306073,0.3,1,1,306077,0.1,1,2,,,,,,,,,,,,,,,,,,,,,4,4
10000032,10,150,329,287,287,0,329,287,chapter_99_01,bgm_hard2,303300,0.15,1,1,306070,0.2,1,2,306071,0.25,1,2,306073,0.3,1,1,306077,0.1,1,2,,,,,,,,,,,,,,,,,,,,,4,4
10000033,10,150,333,292,292,0,333,292,chapter_99_01,bgm_hard1,303000,0.15,1,1,306070,0.2,1,2,306071,0.25,1,2,306074,0.3,1,1,306076,0.1,1,1,,,,,,,,,,,,,,,,,,,,,4,4
10000034,10,150,336,297,297,0,336,297,chapter_99_01,bgm_hard2,303000,0.15,1,1,306070,0.2,1,2,306071,0.25,1,2,306074,0.3,1,1,306076,0.1,1,1,,,,,,,,,,,,,,,,,,,,,4,4
10000035,10,150,340,302,302,0,340,302,chapter_99_01,bgm_hard1,303000,0.15,1,1,306070,0.2,1,2,306071,0.25,1,2,306074,0.3,1,1,306076,0.1,1,2,,,,,,,,,,,,,,,,,,,,,4,4
10000036,10,150,343,307,307,0,343,307,chapter_99_01,bgm_hard2,303000,0.15,1,1,306070,0.2,1,2,306071,0.25,1,2,306074,0.3,1,1,306076,0.1,1,2,,,,,,,,,,,,,,,,,,,,,4,4
10000037,10,150,347,312,312,0,347,312,chapter_99_01,bgm_hard1,303400,0.15,1,1,306073,0.2,1,2,306072,0.25,1,2,306077,0.3,1,1,306075,0.1,1,1,,,,,,,,,,,,,,,,,,,,,4,4
10000038,10,150,350,317,317,0,350,317,chapter_99_01,bgm_hard2,303400,0.15,1,1,306073,0.2,1,2,306072,0.25,1,2,306077,0.3,1,1,306075,0.1,1,1,,,,,,,,,,,,,,,,,,,,,4,4
10000039,10,150,354,322,322,0,354,322,chapter_99_01,bgm_hard1,303400,0.15,1,1,306073,0.2,1,2,306072,0.2,1,2,306077,0.3,1,2,306075,0.15,1,2,,,,,,,,,,,,,,,,,,,,,4,4
10000040,10,150,357,327,327,0,357,327,chapter_99_01,bgm_hard2,303400,0.15,1,1,306073,0.2,1,2,306072,0.2,1,2,306077,0.3,1,2,306075,0.15,1,2,,,,,,,,,,,,,,,,,,,,,4,4
10000041,10,150,364,330,330,0,364,330,chapter_99_01,bgm_hard1,303200,0.1,1,1,306078,0.45,1,2,306079,0.25,1,2,306080,0.1,1,1,306081,0.1,1,1,,,,,,,,,,,,,,,,,,,,,4,4
10000042,10,150,366,333,333,0,366,333,chapter_99_01,bgm_hard2,303200,0.1,1,1,306078,0.45,1,2,306079,0.25,1,2,306080,0.1,1,1,306081,0.1,1,1,,,,,,,,,,,,,,,,,,,,,4,4
10000043,10,150,368,336,336,0,368,336,chapter_99_01,bgm_hard1,303200,0.1,1,1,306078,0.4,1,2,306079,0.25,1,2,306080,0.1,1,2,306081,0.15,1,1,,,,,,,,,,,,,,,,,,,,,4,4
10000044,10,150,370,339,339,0,370,339,chapter_99_01,bgm_hard2,303200,0.1,1,1,306078,0.4,1,2,306079,0.25,1,2,306080,0.1,1,2,306081,0.15,1,1,,,,,,,,,,,,,,,,,,,,,4,4
10000045,10,150,371,341,341,0,371,341,chapter_99_01,bgm_hard1,303100,0.1,1,1,306078,0.2,1,2,306079,0.2,1,2,306080,0.3,1,2,306081,0.2,1,2,,,,,,,,,,,,,,,,,,,,,4,4
10000046,10,150,372,343,343,0,372,343,chapter_99_01,bgm_hard2,303100,0.1,1,1,306078,0.2,1,2,306079,0.2,1,2,306080,0.3,1,2,306081,0.2,1,2,,,,,,,,,,,,,,,,,,,,,4,4
10000047,10,150,373,345,345,0,373,345,chapter_99_01,bgm_hard1,303100,0.1,1,1,306078,0.35,1,2,306079,0.2,1,2,306081,0.25,1,2,306082,0.1,1,2,,,,,,,,,,,,,,,,,,,,,4,4
10000048,10,150,374,347,347,0,374,347,chapter_99_01,bgm_hard2,303100,0.1,1,1,306078,0.35,1,2,306079,0.2,1,2,306081,0.25,1,2,306082,0.1,1,2,,,,,,,,,,,,,,,,,,,,,4,4
10000049,10,150,375,349,349,0,375,349,chapter_99_01,bgm_hard1,303300,0.1,1,1,306078,0.3,1,2,306079,0.25,1,2,306082,0.15,1,1,306083,0.2,1,1,,,,,,,,,,,,,,,,,,,,,4,4
10000050,10,150,376,351,351,0,376,351,chapter_99_01,bgm_hard2,303300,0.1,1,1,306078,0.3,1,2,306079,0.25,1,2,306082,0.15,1,1,306083,0.2,1,1,,,,,,,,,,,,,,,,,,,,,4,4
10000051,10,150,377,353,353,0,377,353,chapter_99_01,bgm_hard1,303300,0.1,1,1,306078,0.3,1,2,306079,0.25,1,2,306082,0.15,1,1,306083,0.2,1,2,,,,,,,,,,,,,,,,,,,,,4,4
10000052,10,150,378,355,355,0,378,355,chapter_99_01,bgm_hard2,303300,0.1,1,1,306078,0.3,1,2,306079,0.25,1,2,306082,0.15,1,1,306083,0.2,1,2,,,,,,,,,,,,,,,,,,,,,4,4
10000053,10,150,388,375,375,0,388,375,chapter_99_01,bgm_hard1,303400,0.1,1,1,306078,0.25,1,2,306081,0.25,1,2,306084,0.3,1,1,306085,0.1,1,1,,,,,,,,,,,,,,,,,,,,,4,4
10000054,10,150,389,377,377,0,389,377,chapter_99_01,bgm_hard2,303400,0.1,1,1,306078,0.25,1,2,306081,0.25,1,2,306084,0.3,1,1,306085,0.1,1,1,,,,,,,,,,,,,,,,,,,,,4,4
10000055,10,150,390,379,379,0,390,379,chapter_99_01,bgm_hard1,303400,0.1,1,1,306078,0.25,1,2,306081,0.25,1,2,306084,0.3,1,1,306085,0.1,1,2,,,,,,,,,,,,,,,,,,,,,4,4
10000056,10,150,391,381,381,0,391,381,chapter_99_01,bgm_hard2,303400,0.1,1,1,306078,0.25,1,2,306081,0.25,1,2,306084,0.3,1,1,306085,0.1,1,2,,,,,,,,,,,,,,,,,,,,,4,4
10000057,10,150,401,401,401,0,401,401,chapter_99_01,bgm_hard1,303000,0.1,1,1,306078,0.15,1,2,306080,0.25,1,2,306084,0.3,1,1,306085,0.1,1,2,306086,0.1,1,1,,,,,,,,,,,,,,,,,4,4
10000058,10,150,402,403,403,0,402,403,chapter_99_01,bgm_hard2,303000,0.1,1,1,306078,0.15,1,2,306080,0.25,1,2,306084,0.3,1,1,306085,0.1,1,2,306086,0.1,1,1,,,,,,,,,,,,,,,,,4,4
10000059,10,150,403,405,405,0,403,405,chapter_99_01,bgm_hard1,303000,0.1,1,1,306080,0.15,1,2,306084,0.25,1,2,306085,0.35,1,2,306086,0.15,1,2,,,,,,,,,,,,,,,,,,,,,4,4
10000060,10,150,404,407,407,0,404,407,chapter_99_01,bgm_hard2,303000,0.1,1,1,306080,0.15,1,2,306084,0.25,1,2,306085,0.35,1,2,306086,0.15,1,2,,,,,,,,,,,,,,,,,,,,,4,4
999999,5,150,0,0,0,0,0,0,PVP,bgm_stage_green,,,,,,,,,,,,,,,,,,,,,,,,,,,,,,,,,,,,,,,,,4,4