ID,required_action_point,required_gold,required_block_index,material_id,material_count,material_2_id,material_2_count,material_3_id,material_3_count,option_id,option_ratio,option_1_required_block_index,option_2_id,option_2_ratio,option_2_required_block_index,option_3_id,option_3_ratio,option_3_required_block_index,option_4_id,option_4_ratio,option_4_required_block_index
373,0,0,0,,,,,,,1365,10000,0,1366,2800,0,1367,1200,1,,,
374,0,0,2,306023,2,306025,2,306002,1,1368,10000,0,1369,8400,1,1370,3200,2,1371,1500,3
375,0,450,0,301000,10,,,,,1372,10000,0,1373,8000,0,1374,6000,1,1375,900,1
1,0,0,0,306025,1,306023,1,306024,1,1,10000,0,2,3000,0,3,1100,1,,,
2,0,0,2,306023,3,306025,2,306024,2,4,10000,0,5,6000,1,6,4200,2,7,1600,3
3,0,450,7995,306056,18,306061,20,306068,14,8,10000,0,9,8000,800,10,6000,1600,11,900,2400
4,0,0,0,306000,1,306002,1,306001,1,12,10000,0,13,2800,0,14,1200,1,,,
5,0,0,2,306002,3,306000,2,306001,2,15,10000,0,16,9000,1,17,2800,2,18,1600,3
6,0,450,0,301000,10,,,,,19,10000,0,20,8000,0,21,6000,1,22,900,1
7,0,0,0,306011,6,306010,3,306009,3,23,10000,0,24,3400,15,25,1000,46,,,
8,0,0,77,306010,16,306009,11,306011,11,26,10000,0,27,7900,34,28,3400,69,29,1500,104
9,0,450,0,301000,10,,,,,30,10000,0,31,8000,15,32,6000,31,33,900,46
10,0,0,0,306050,12,306052,6,306040,6,34,10000,0,35,3000,47,36,1100,143,,,
11,0,0,238,306050,36,306051,24,306042,6,37,10000,0,38,6000,107,39,4200,214,40,1600,321
12,0,450,0,301000,10,,,,,41,10000,0,42,8000,47,43,6000,95,44,900,143
376,0,0,0,,,,,,,1376,10000,0,1377,2800,3,1378,1200,11,,,
377,0,0,18,306023,5,306002,4,306024,3,1379,10000,0,1380,8400,8,1381,3200,16,1382,1500,24
378,0,450,0,301000,10,,,,,1383,10000,0,1384,8000,3,1385,6000,7,1386,900,11
13,0,0,0,306023,3,306025,2,306024,2,45,10000,0,46,3000,4,47,1100,13,,,
14,0,0,22,306025,8,306024,5,306023,5,48,10000,0,49,6000,10,50,4200,20,51,1600,30
15,0,450,0,301000,10,,,,,52,10000,0,53,8000,4,54,6000,9,55,900,13
16,0,0,0,306001,4,306000,2,306002,2,56,10000,0,57,2800,8,58,1200,26,,,
17,0,0,44,306001,11,306000,7,306002,7,59,10000,0,60,9000,19,61,2800,39,62,1600,59
18,0,450,0,301000,10,,,,,63,10000,0,64,8000,8,65,6000,17,66,900,26
19,0,0,0,306013,15,306014,8,306040,8,67,10000,0,68,3400,116,69,1000,350,,,
20,0,0,583,306014,43,306013,29,306043,8,70,10000,0,71,7900,262,72,3400,525,73,1500,787
21,0,450,0,301000,10,,,,,74,10000,0,75,8000,116,76,6000,233,77,900,350
22,0,0,0,306055,24,306054,12,306035,12,78,10000,0,79,3000,715,80,1100,2146,,,
23,0,0,3577,306053,72,306054,48,306037,12,81,10000,0,82,6000,1609,83,4200,3219,84,1600,4829
24,0,450,0,301000,10,,,,,85,10000,0,86,8000,715,87,6000,1431,88,900,2146
379,0,0,0,306040,4,,,,,1387,10000,0,1388,2800,24,1389,1200,72,,,
380,0,0,120,306003,14,306040,7,306044,4,1390,10000,0,1391,8400,54,1392,3200,108,1393,1500,162
381,0,450,0,301000,10,,,,,1394,10000,0,1395,8000,24,1396,6000,48,1397,900,72
25,0,0,0,306027,8,306028,4,306040,4,89,10000,0,90,3000,25,91,1100,77,,,
26,0,0,128,306026,22,306028,15,306041,4,92,10000,0,93,6000,57,94,4200,115,95,1600,173
27,0,450,0,301000,10,,,,,96,10000,0,97,8000,25,98,6000,51,99,900,77
28,0,0,0,306004,9,306003,5,306040,5,100,10000,0,101,2800,32,102,1200,98,,,
29,0,0,164,306005,27,306004,18,306044,5,103,10000,0,104,9000,73,105,2800,147,106,1600,221
30,0,450,0,301000,10,,,,,107,10000,0,108,8000,32,109,6000,65,110,900,98
31,0,0,0,306015,27,306016,14,306035,14,111,10000,0,112,3400,980,113,1000,2942,,,
32,0,0,4903,306017,80,306016,54,306038,14,114,10000,0,115,7900,2206,116,3400,4413,117,1500,6619
33,0,450,0,301000,10,,,,,118,10000,0,119,8000,980,120,6000,1961,121,900,2942
34,0,0,0,306055,47,306054,24,306045,24,122,10000,0,123,3000,2158,124,1100,6475,,,
35,0,0,10792,306055,93,306045,47,306047,24,125,10000,0,126,6000,4856,127,4200,9713,128,1600,14569
36,0,450,0,301000,10,,,,,129,10000,0,130,8000,2158,131,6000,4317,132,900,6475
382,0,0,0,306035,9,,,,,1398,10000,0,1399,2800,148,1400,1200,444,,,
383,0,0,741,306053,51,306006,34,306039,9,1401,10000,0,1402,8400,333,1403,3200,666,1404,1500,1000
384,0,450,0,301000,10,,,,,1405,10000,0,1406,8000,148,1407,6000,296,1408,900,444
37,0,0,0,306029,19,306030,10,306035,10,133,10000,0,134,3000,164,135,1100,492,,,
38,0,0,821,306029,37,306035,19,306036,10,136,10000,0,137,6000,369,138,4200,739,139,1600,1108
39,0,450,0,301000,10,,,,,140,10000,0,141,8000,164,142,6000,328,143,900,492
40,0,0,0,306006,21,306008,11,306035,11,144,10000,0,145,2800,519,146,1200,1557,,,
41,0,0,2595,306006,41,306035,21,306039,11,147,10000,0,148,9000,1167,149,2800,2335,150,1600,3503
42,0,450,0,301000,10,,,,,151,10000,0,152,8000,519,153,6000,1038,154,900,1557
43,0,0,0,306015,61,306016,31,306045,31,155,10000,0,156,3400,2805,157,1000,8415,,,
44,0,0,14025,306015,121,306045,61,306048,31,158,10000,0,159,7900,6311,160,3400,12622,161,1500,18933
45,0,450,0,301000,10,,,,,162,10000,0,163,8000,2805,164,6000,5610,165,900,8415
46,0,0,0,306030,89,306029,45,306035,45,166,10000,0,167,3000,4346,168,1100,13040,,,
47,0,0,21733,306029,178,306035,89,306036,45,169,10000,0,170,6000,9780,171,4200,19560,172,1600,29340
48,0,450,0,301000,10,,,,,173,10000,0,174,8000,4346,175,6000,8693,176,900,13040
385,0,0,0,306045,62,,,,,1409,10000,0,1410,2800,6629,1411,1200,19889,,,
386,0,0,33148,306029,245,306045,123,306046,62,1412,10000,0,1413,8400,14916,1414,3200,29833,1415,1500,44750
387,0,450,0,301000,10,,,,,1416,10000,0,1417,8000,6629,1418,6000,13259,1419,900,19889
49,0,0,0,306030,126,306029,63,306045,63,177,10000,0,178,3000,6891,179,1100,20673,,,
50,0,0,34455,306029,252,306045,126,306046,63,180,10000,0,181,6000,15504,182,4200,31009,183,1600,46514
51,0,450,0,301000,10,,,,,184,10000,0,185,8000,6891,186,6000,13782,187,900,20673
52,0,0,0,306030,130,306029,65,306045,65,188,10000,0,189,2800,7158,190,1200,21474,,,
53,0,0,35791,306029,259,306045,130,306046,65,191,10000,0,192,9000,16106,193,2800,32212,194,1600,48318
54,0,450,0,301000,10,,,,,195,10000,0,196,8000,7158,197,6000,14316,198,900,21474
55,0,0,0,306030,133,306029,67,306045,67,199,10000,0,200,3400,7431,201,1000,22294,,,
56,0,0,37158,306029,266,306045,133,306046,67,202,10000,0,203,7900,16721,204,3400,33442,205,1500,50163
57,0,450,0,301000,10,,,,,206,10000,0,207,8000,7431,208,6000,14863,209,900,22294
58,0,0,0,306030,137,306029,69,306045,69,210,10000,0,211,3000,7710,212,1100,23132,,,
59,0,0,38554,306029,273,306045,137,306046,69,213,10000,0,214,6000,17349,215,4200,34698,216,1600,52048
60,0,450,0,301000,10,,,,,217,10000,0,218,8000,7710,219,6000,15421,220,900,23132
388,0,0,0,306045,70,,,,,1420,10000,0,1421,2800,7996,1422,1200,23988,,,
389,0,0,39981,306029,280,306045,140,306046,70,1423,10000,0,1424,8400,17991,1425,3200,35982,1426,1500,53974
390,0,450,0,301000,10,,,,,1427,10000,0,1428,8000,7996,1429,6000,15992,1430,900,23988
61,0,0,0,306030,144,306029,72,306045,72,221,10000,0,222,3000,8287,223,1100,24862,,,
62,0,0,41437,306029,287,306045,144,306046,72,224,10000,0,225,6000,18646,226,4200,37293,227,1600,55940
63,0,450,0,301000,10,,,,,228,10000,0,229,8000,8287,230,6000,16575,231,900,24862
64,0,0,0,306030,147,306029,74,306045,74,232,10000,0,233,2800,8584,234,1200,25754,,,
65,0,0,42924,306029,294,306045,147,306046,74,235,10000,0,236,9000,19315,237,2800,38631,238,1600,57947
66,0,450,0,301000,10,,,,,239,10000,0,240,8000,8584,241,6000,17169,242,900,25754
67,0,0,0,306030,151,306029,76,306045,76,243,10000,0,244,3400,8888,245,1000,26664,,,
68,0,0,44440,306029,301,306045,151,306046,76,246,10000,0,247,7900,19998,248,3400,39996,249,1500,59994
69,0,450,0,301000,10,,,,,250,10000,0,251,8000,8888,252,6000,17776,253,900,26664
70,0,0,0,306030,155,306029,78,306045,78,254,10000,0,255,3000,9197,256,1100,27592,,,
71,0,0,45987,306029,309,306045,155,306046,78,257,10000,0,258,6000,20694,259,4200,41388,260,1600,62082
72,0,450,0,301000,10,,,,,261,10000,0,262,8000,9197,263,6000,18394,264,900,27592
391,0,0,0,306045,108,,,,,1431,10000,0,1432,2800,14962,1433,1200,44886,,,
392,0,0,74811,306029,430,306045,215,306046,108,1434,10000,0,1435,8400,33664,1436,3200,67329,1437,1500,100994
393,0,450,0,301000,10,,,,,1438,10000,0,1439,8000,14962,1440,6000,29924,1441,900,44886
73,0,0,0,306030,219,306029,110,306045,110,265,10000,0,266,3000,15373,267,1100,46120,,,
74,0,0,76867,306029,438,306045,219,306046,110,268,10000,0,269,6000,34590,270,4200,69180,271,1600,103770
75,0,450,0,301000,10,,,,,272,10000,0,273,8000,15373,274,6000,30747,275,900,46120
76,0,0,0,306030,223,306029,112,306045,112,276,10000,0,277,2800,15790,278,1200,47372,,,
77,0,0,78954,306029,446,306045,223,306046,112,279,10000,0,280,9000,35529,281,2800,71058,282,1600,106587
78,0,450,0,301000,10,,,,,283,10000,0,284,8000,15790,285,6000,31581,286,900,47372
79,0,0,0,306030,227,306029,114,306045,114,287,10000,0,288,3400,16214,289,1000,48642,,,
80,0,0,81070,306029,454,306045,227,306046,114,290,10000,0,291,7900,36481,292,3400,72963,293,1500,109444
81,0,450,0,301000,10,,,,,294,10000,0,295,8000,16214,296,6000,32428,297,900,48642
82,0,0,0,306030,231,306029,116,306045,116,298,10000,0,299,3000,16643,300,1100,49930,,,
83,0,0,83217,306029,462,306045,231,306046,116,301,10000,0,302,6000,37447,303,4200,74895,304,1600,112342
84,0,450,0,301000,10,,,,,305,10000,0,306,8000,16643,307,6000,33286,308,900,49930
394,0,0,0,306045,118,,,,,1442,10000,0,1443,2800,17078,1444,1200,51236,,,
395,0,0,85393,306029,470,306045,235,306046,118,1445,10000,0,1446,8400,38427,1447,3200,76854,1448,1500,115281
396,0,450,0,301000,10,,,,,1449,10000,0,1450,8000,17078,1451,6000,34157,1452,900,51236
85,0,0,0,306030,239,306029,120,306045,120,309,10000,0,310,3000,17520,311,1100,52560,,,
86,0,0,87600,306029,478,306045,239,306046,120,312,10000,0,313,6000,39420,314,4200,78840,315,1600,118260
87,0,450,0,301000,10,,,,,316,10000,0,317,8000,17520,318,6000,35040,319,900,52560
88,0,0,0,306030,243,306029,122,306045,122,320,10000,0,321,2800,17967,322,1200,53901,,,
89,0,0,89836,306029,486,306045,243,306046,122,323,10000,0,324,9000,40426,325,2800,80852,326,1600,121279
90,0,450,0,301000,10,,,,,327,10000,0,328,8000,17967,329,6000,35934,330,900,53901
91,0,0,0,306030,247,306029,124,306045,124,331,10000,0,332,3400,18420,333,1000,55261,,,
92,0,0,92103,306029,494,306045,247,306046,124,334,10000,0,335,7900,41446,336,3400,82892,337,1500,124339
93,0,450,0,301000,10,,,,,338,10000,0,339,8000,18420,340,6000,36841,341,900,55261
94,0,0,0,306030,252,306029,126,306045,126,342,10000,0,343,3000,18879,344,1100,56639,,,
95,0,0,94399,306029,503,306045,252,306046,126,345,10000,0,346,6000,42479,347,4200,84959,348,1600,127439
96,0,450,0,301000,10,,,,,349,10000,0,350,8000,18879,351,6000,37759,352,900,56639
397,0,0,0,306045,172,,,,,1453,10000,0,1454,2800,29911,1455,1200,89733,,,
398,0,0,149556,306029,685,306045,343,306046,172,1456,10000,0,1457,8400,67300,1458,3200,134600,1459,1500,201900
399,0,450,0,301000,10,,,,,1460,10000,0,1461,8000,29911,1462,6000,59822,1463,900,89733
400,0,0,0,,,,,,,1464,10000,0,1465,4800,0,1466,700,1,,,
401,0,0,2,306024,2,306002,2,306001,1,1467,10000,0,1468,9400,1,1469,5300,2,1470,800,3
402,0,300,0,301000,10,,,,,1471,10000,0,1472,8000,0,1473,6000,1,1474,900,1
97,0,0,0,306023,1,306024,1,306025,1,353,10000,0,354,4200,0,355,800,1,,,
98,0,0,2,306024,3,306025,2,306023,2,356,10000,0,357,7400,1,358,6000,2,359,900,3
99,0,300,4995,306056,15,306060,20,306066,20,360,10000,0,361,8000,500,362,6000,1000,363,900,1500
100,0,0,0,306002,2,306001,1,306000,1,364,10000,0,365,5600,2,366,600,6,,,
101,0,0,11,306002,6,306000,4,306001,4,367,10000,0,368,7900,5,369,6300,10,370,800,15
102,0,300,0,301000,10,,,,,371,10000,0,372,8000,2,373,6000,4,374,900,6
103,0,0,0,306011,7,306009,4,306010,4,375,10000,0,376,5600,21,377,600,63,,,
104,0,0,105,306011,19,306010,13,306009,13,378,10000,0,379,9000,47,380,5600,94,381,800,141
105,0,300,0,301000,10,,,,,382,10000,0,383,8000,21,384,6000,42,385,900,63
106,0,0,0,306051,14,306052,7,306040,7,386,10000,0,387,4800,107,388,700,322,,,
107,0,0,538,306052,40,306050,27,306042,7,389,10000,0,390,7400,242,391,6000,484,392,900,726
108,0,300,0,301000,10,,,,,393,10000,0,394,8000,107,395,6000,215,396,900,322
403,0,0,0,,,,,,,1475,10000,0,1476,4800,7,1477,700,21,,,
404,0,0,35,306023,7,306000,5,306001,4,1478,10000,0,1479,9400,15,1480,5300,31,1481,800,47
405,0,300,0,301000,10,,,,,1482,10000,0,1483,8000,7,1484,6000,14,1485,900,21
109,0,0,0,306025,4,306023,2,306024,2,397,10000,0,398,4200,7,399,800,23,,,
110,0,0,39,306025,10,306023,7,306024,7,400,10000,0,401,7400,17,402,6000,35,403,900,53
111,0,300,0,301000,10,,,,,404,10000,0,405,8000,7,406,6000,15,407,900,23
112,0,0,0,306000,5,306002,3,306001,3,408,10000,0,409,5600,12,410,600,36,,,
113,0,0,60,306002,13,306000,9,306001,9,411,10000,0,412,7900,27,413,6300,54,414,800,81
114,0,300,0,301000,10,,,,,415,10000,0,416,8000,12,417,6000,24,418,900,36
115,0,0,0,306013,16,306014,8,306040,8,419,10000,0,420,5600,134,421,600,402,,,
116,0,0,670,306014,32,306040,16,306043,8,422,10000,0,423,9000,301,424,5600,603,425,800,904
117,0,300,0,301000,10,,,,,426,10000,0,427,8000,134,428,6000,268,429,900,402
118,0,0,0,306053,26,306055,13,306035,13,430,10000,0,431,4800,836,432,700,2508,,,
119,0,0,4180,306054,51,306035,26,306037,13,433,10000,0,434,7400,1881,435,6000,3762,436,900,5643
120,0,300,0,301000,10,,,,,437,10000,0,438,8000,836,439,6000,1672,440,900,2508
406,0,0,0,306040,5,,,,,1486,10000,0,1487,4800,31,1488,700,93,,,
407,0,0,155,306005,26,306026,17,306043,5,1489,10000,0,1490,9400,69,1491,5300,139,1492,800,209
408,0,300,0,301000,10,,,,,1493,10000,0,1494,8000,31,1495,6000,62,1496,900,93
121,0,0,0,306027,10,306028,5,306040,5,441,10000,0,442,4200,34,443,800,104,,,
122,0,0,174,306026,19,306040,10,306041,5,444,10000,0,445,7400,78,446,6000,156,447,900,234
123,0,300,0,301000,10,,,,,448,10000,0,449,8000,34,450,6000,69,451,900,104
124,0,0,0,306003,11,306004,6,306040,6,452,10000,0,453,5600,43,454,600,129,,,
125,0,0,216,306004,22,306040,11,306044,6,455,10000,0,456,7900,97,457,6300,194,458,800,291
126,0,300,0,301000,10,,,,,459,10000,0,460,8000,43,461,6000,86,462,900,129
127,0,0,0,306016,40,306017,20,306045,20,463,10000,0,464,5600,1842,465,600,5527,,,
128,0,0,9213,306016,80,306045,40,306048,20,466,10000,0,467,9000,4145,468,5600,8291,469,800,12437
129,0,300,0,301000,10,,,,,470,10000,0,471,8000,1842,472,6000,3685,473,900,5527
130,0,0,0,306054,52,306055,26,306045,26,474,10000,0,475,4800,2399,476,700,7197,,,
131,0,0,11995,306053,154,306054,103,306047,26,477,10000,0,478,7400,5397,479,6000,10795,480,900,16193
132,0,300,0,301000,10,,,,,481,10000,0,482,8000,2399,483,6000,4798,484,900,7197
409,0,0,0,306035,10,,,,,1497,10000,0,1498,4800,182,1499,700,547,,,
410,0,0,912,306030,58,306053,39,306036,10,1500,10000,0,1501,9400,410,1502,5300,820,1503,800,1231
411,0,300,0,301000,10,,,,,1504,10000,0,1505,8000,182,1506,6000,364,1507,900,547
133,0,0,0,306031,22,306030,11,306035,11,485,10000,0,486,4200,546,487,800,1638,,,
134,0,0,2731,306029,64,306030,43,306036,11,488,10000,0,489,7400,1229,490,6000,2458,491,900,3687
135,0,300,0,301000,10,,,,,492,10000,0,493,8000,546,494,6000,1092,495,900,1638
136,0,0,0,306008,23,306006,12,306035,12,496,10000,0,497,5600,618,498,600,1856,,,
137,0,0,3094,306007,45,306035,23,306039,12,499,10000,0,500,7900,1392,501,6300,2784,502,800,4177
138,0,300,0,301000,10,,,,,503,10000,0,504,8000,618,505,6000,1237,506,900,1856
139,0,0,0,306030,352,306029,176,306035,176,507,10000,0,508,5600,31099,509,600,93299,,,
140,0,0,155499,306029,703,306035,352,306036,176,510,10000,0,511,9000,69974,512,5600,139949,513,800,209923
141,0,300,0,301000,10,,,,,514,10000,0,515,8000,31099,516,6000,62199,517,900,93299
142,0,0,0,306030,356,306029,178,306045,178,518,10000,0,519,4800,31703,520,700,95109,,,
143,0,0,158515,306029,712,306045,356,306046,178,521,10000,0,522,7400,71331,523,6000,142663,524,900,213995
144,0,300,0,301000,10,,,,,525,10000,0,526,8000,31703,527,6000,63406,528,900,95109
412,0,0,0,306040,32,,,,,1508,10000,0,1509,4800,2952,1510,700,8856,,,
413,0,0,14761,306026,127,306040,64,306041,32,1511,10000,0,1512,9400,6642,1513,5300,13285,1514,800,19927
414,0,300,0,301000,10,,,,,1515,10000,0,1516,8000,2952,1517,6000,5904,1518,900,8856
145,0,0,0,306027,67,306026,34,306040,34,529,10000,0,530,4200,3105,531,800,9316,,,
146,0,0,15528,306026,133,306040,67,306041,34,532,10000,0,533,7400,6987,534,6000,13975,535,900,20962
147,0,300,0,301000,10,,,,,536,10000,0,537,8000,3105,538,6000,6211,539,900,9316
148,0,0,0,306027,70,306026,35,306040,35,540,10000,0,541,5600,3264,542,600,9794,,,
149,0,0,16324,306026,140,306040,70,306041,35,543,10000,0,544,7900,7345,545,6300,14691,546,800,22037
150,0,300,0,301000,10,,,,,547,10000,0,548,8000,3264,549,6000,6529,550,900,9794
151,0,0,0,306030,73,306029,37,306035,37,551,10000,0,552,5600,3430,553,600,10290,,,
152,0,0,17151,306029,146,306035,73,306036,37,554,10000,0,555,9000,7717,556,5600,15435,557,800,23153
153,0,300,0,301000,10,,,,,558,10000,0,559,8000,3430,560,6000,6860,561,900,10290
154,0,0,0,306030,76,306029,38,306035,38,562,10000,0,563,4800,3601,564,700,10804,,,
155,0,0,18007,306029,152,306035,76,306036,38,565,10000,0,566,7400,8103,567,6000,16206,568,900,24309
156,0,300,0,301000,10,,,,,569,10000,0,570,8000,3601,571,6000,7203,572,900,10804
415,0,0,0,306035,79,,,,,1519,10000,0,1520,4800,9512,1521,700,28538,,,
416,0,0,47563,306029,316,306035,158,306036,79,1522,10000,0,1523,9400,21403,1524,5300,42807,1525,800,64210
417,0,300,0,301000,10,,,,,1526,10000,0,1527,8000,9512,1528,6000,19025,1529,900,28538
157,0,0,0,306030,162,306029,81,306035,81,573,10000,0,574,4200,9834,575,800,29502,,,
158,0,0,49170,306029,323,306035,162,306036,81,576,10000,0,577,7400,22126,578,6000,44253,579,900,66379
159,0,300,0,301000,10,,,,,580,10000,0,581,8000,9834,582,6000,19668,583,900,29502
160,0,0,0,306030,166,306029,83,306035,83,584,10000,0,585,5600,10161,586,600,30483,,,
161,0,0,50806,306029,331,306035,166,306036,83,587,10000,0,588,7900,22862,589,6300,45725,590,800,68588
162,0,300,0,301000,10,,,,,591,10000,0,592,8000,10161,593,6000,20322,594,900,30483
163,0,0,0,306030,169,306029,85,306035,85,595,10000,0,596,5600,10494,597,600,31483,,,
164,0,0,52473,306029,338,306035,169,306036,85,598,10000,0,599,9000,23612,600,5600,47225,601,800,70838
165,0,300,0,301000,10,,,,,602,10000,0,603,8000,10494,604,6000,20989,605,900,31483
166,0,0,0,306030,173,306029,87,306035,87,606,10000,0,607,4800,10833,608,700,32501,,,
167,0,0,54169,306029,346,306035,173,306036,87,609,10000,0,610,7400,24376,611,6000,48752,612,900,73128
168,0,300,0,301000,10,,,,,613,10000,0,614,8000,10833,615,6000,21667,616,900,32501
418,0,0,0,306035,98,,,,,1530,10000,0,1531,4800,12995,1532,700,38987,,,
419,0,0,64978,306029,391,306035,196,306036,98,1533,10000,0,1534,9400,29240,1535,5300,58480,1536,800,87720
420,0,300,0,301000,10,,,,,1537,10000,0,1538,8000,12995,1539,6000,25991,1540,900,38987
169,0,0,0,306030,200,306029,100,306035,100,617,10000,0,618,4200,13377,619,800,40131,,,
170,0,0,66885,306029,399,306035,200,306036,100,620,10000,0,621,7400,30098,622,6000,60196,623,900,90294
171,0,300,0,301000,10,,,,,624,10000,0,625,8000,13377,626,6000,26754,627,900,40131
172,0,0,0,306030,203,306029,102,306035,102,628,10000,0,629,5600,13764,630,600,41292,,,
173,0,0,68821,306029,406,306035,203,306036,102,631,10000,0,632,7900,30969,633,6300,61939,634,800,92908
174,0,300,0,301000,10,,,,,635,10000,0,636,8000,13764,637,6000,27528,638,900,41292
175,0,0,0,306030,207,306029,104,306035,104,639,10000,0,640,5600,14157,641,600,42472,,,
176,0,0,70788,306029,414,306035,207,306036,104,642,10000,0,643,9000,31854,644,5600,63709,645,800,95563
177,0,300,0,301000,10,,,,,646,10000,0,647,8000,14157,648,6000,28315,649,900,42472
178,0,0,0,306030,211,306029,106,306045,106,650,10000,0,651,4800,14556,652,700,43670,,,
179,0,0,72784,306029,422,306045,211,306046,106,653,10000,0,654,7400,32752,655,6000,65505,656,900,98258
180,0,300,0,301000,10,,,,,657,10000,0,658,8000,14556,659,6000,29113,660,900,43670
421,0,0,0,306035,139,,,,,1541,10000,0,1542,4800,21761,1543,700,65285,,,
422,0,0,108808,306029,553,306035,277,306036,139,1544,10000,0,1545,9400,48963,1546,5300,97927,1547,800,146891
423,0,300,0,301000,10,,,,,1548,10000,0,1549,8000,21761,1550,6000,43523,1551,900,65285
181,0,0,0,306030,281,306029,141,306035,141,661,10000,0,662,4200,22263,663,800,66789,,,
182,0,0,111315,306029,562,306035,281,306036,141,664,10000,0,665,7400,50091,666,6000,100183,667,900,150275
183,0,300,0,301000,10,,,,,668,10000,0,669,8000,22263,670,6000,44526,671,900,66789
184,0,0,0,306030,285,306029,143,306035,143,672,10000,0,673,5600,22770,674,600,68310,,,
185,0,0,113851,306029,570,306035,285,306036,143,675,10000,0,676,7900,51233,677,6300,102466,678,800,153699
186,0,300,0,301000,10,,,,,679,10000,0,680,8000,22770,681,6000,45540,682,900,68310
187,0,0,0,306030,290,306029,145,306045,145,683,10000,0,684,5600,23283,685,600,69850,,,
188,0,0,116418,306029,579,306045,290,306046,145,686,10000,0,687,9000,52388,688,5600,104776,689,800,157164
189,0,300,0,301000,10,,,,,690,10000,0,691,8000,23283,692,6000,46567,693,900,69850
190,0,0,0,306030,294,306029,147,306045,147,694,10000,0,695,4800,23802,696,700,71408,,,
191,0,0,119014,306029,587,306045,294,306046,147,697,10000,0,698,7400,53556,699,6000,107112,700,900,160669
192,0,300,0,301000,10,,,,,701,10000,0,702,8000,23802,703,6000,47605,704,900,71408
424,0,0,0,306035,174,,,,,1552,10000,0,1553,4800,30502,1554,700,91507,,,
425,0,0,152512,306029,694,306035,347,306036,174,1555,10000,0,1556,9400,68630,1557,5300,137261,1558,800,205891
426,0,300,0,301000,10,,,,,1559,10000,0,1560,8000,30502,1561,6000,61005,1562,900,91507
427,0,0,0,,,,,,,1563,10000,0,1564,4800,0,1565,700,1,,,
428,0,0,2,306023,2,306001,2,306000,1,1566,10000,0,1567,8500,1,1568,5900,2,1569,800,3
429,0,300,0,301000,10,,,,,1570,10000,0,1571,8000,0,1572,6000,1,1573,900,1
193,0,0,0,306025,1,306023,1,306024,1,705,10000,0,706,5600,0,707,600,1,,,
194,0,0,2,306025,3,306023,2,306024,2,708,10000,0,709,9500,1,710,6000,2,711,700,3
195,0,300,995,306058,20,306064,16,306065,8,712,10000,0,713,8000,100,714,6000,200,715,900,300
196,0,0,0,306000,3,306002,2,306001,2,716,10000,0,717,4800,3,718,700,9,,,
197,0,0,15,306001,7,306002,5,306000,5,719,10000,0,720,8400,6,721,6000,13,722,800,20
198,0,300,0,301000,10,,,,,723,10000,0,724,8000,3,725,6000,6,726,900,9
199,0,0,0,306009,8,306011,4,306010,4,727,10000,0,728,5600,27,729,600,82,,,
200,0,0,137,306010,23,306009,16,306011,16,730,10000,0,731,7600,61,732,6600,123,733,800,184
201,0,300,0,301000,10,,,,,734,10000,0,735,8000,27,736,6000,54,737,900,82
202,0,0,0,306052,18,306051,9,306040,9,738,10000,0,739,5600,156,740,600,468,,,
203,0,0,780,306051,53,306050,35,306042,9,741,10000,0,742,8800,351,743,5700,702,744,800,1053
204,0,300,0,301000,10,,,,,745,10000,0,746,8000,156,747,6000,312,748,900,468
430,0,0,0,,,,,,,1574,10000,0,1575,4800,9,1576,700,29,,,
431,0,0,49,306024,8,306001,6,306023,4,1577,10000,0,1578,8500,22,1579,5900,44,1580,800,66
432,0,300,0,301000,10,,,,,1581,10000,0,1582,8000,9,1583,6000,19,1584,900,29
205,0,0,0,306025,4,306023,2,306024,2,749,10000,0,750,5600,10,751,600,32,,,
206,0,0,54,306025,12,306024,8,306023,8,752,10000,0,753,9500,24,754,6000,48,755,700,73
207,0,300,0,301000,10,,,,,756,10000,0,757,8000,10,758,6000,21,759,900,32
208,0,0,0,306001,6,306002,3,306000,3,760,10000,0,761,4800,18,762,700,54,,,
209,0,0,90,306002,17,306001,12,306000,12,763,10000,0,764,8400,40,765,6000,81,766,800,121
210,0,300,0,301000,10,,,,,767,10000,0,768,8000,18,769,6000,36,770,900,54
211,0,0,0,306014,22,306013,11,306040,11,771,10000,0,772,5600,579,773,600,1738,,,
212,0,0,2898,306013,66,306014,44,306043,11,774,10000,0,775,7600,1304,776,6600,2608,777,800,3912
213,0,300,0,301000,10,,,,,778,10000,0,779,8000,579,780,6000,1159,781,900,1738
214,0,0,0,306054,45,306055,23,306045,23,782,10000,0,783,5600,2047,784,600,6141,,,
215,0,0,10236,306053,133,306054,89,306047,23,785,10000,0,786,8800,4606,787,5700,9212,788,800,13818
216,0,300,0,301000,10,,,,,789,10000,0,790,8000,2047,791,6000,4094,792,900,6141
433,0,0,0,306040,5,,,,,1585,10000,0,1586,4800,38,1587,700,116,,,
434,0,0,194,306004,20,306040,10,306043,5,1588,10000,0,1589,8500,87,1590,5900,174,1591,800,262
435,0,300,0,301000,10,,,,,1592,10000,0,1593,8000,38,1594,6000,77,1595,900,116
217,0,0,0,306028,11,306026,6,306040,6,793,10000,0,794,5600,41,795,600,123,,,
218,0,0,205,306028,21,306040,11,306041,6,796,10000,0,797,9500,92,798,6000,184,799,700,276
219,0,300,0,301000,10,,,,,800,10000,0,801,8000,41,802,6000,82,803,900,123
220,0,0,0,306005,14,306003,7,306040,7,804,10000,0,805,4800,111,806,700,335,,,
221,0,0,559,306005,42,306004,28,306044,7,807,10000,0,808,8400,251,809,6000,503,810,800,755
222,0,300,0,301000,10,,,,,811,10000,0,812,8000,111,813,6000,223,814,900,335
223,0,0,0,306015,58,306017,29,306045,29,815,10000,0,816,5600,2663,817,600,7991,,,
224,0,0,13318,306015,172,306016,115,306048,29,818,10000,0,819,7600,5993,820,6600,11986,821,800,17979
225,0,300,0,301000,10,,,,,822,10000,0,823,8000,2663,824,6000,5327,825,900,7991
226,0,0,0,306030,83,306029,42,306045,42,826,10000,0,827,5600,3962,828,600,11886,,,
227,0,0,19810,306029,165,306045,83,306046,42,829,10000,0,830,8800,8914,831,5700,17829,832,800,26743
228,0,300,0,301000,10,,,,,833,10000,0,834,8000,3962,835,6000,7924,836,900,11886
436,0,0,0,306035,13,,,,,1596,10000,0,1597,4800,905,1598,700,2716,,,
437,0,0,4527,306030,78,306007,52,306037,13,1599,10000,0,1600,8500,2037,1601,5900,4074,1602,800,6111
438,0,300,0,301000,10,,,,,1603,10000,0,1604,8000,905,1605,6000,1810,1606,900,2716
229,0,0,0,306029,28,306031,14,306035,14,837,10000,0,838,5600,1062,839,600,3186,,,
230,0,0,5310,306029,82,306031,55,306036,14,840,10000,0,841,9500,2389,842,6000,4779,843,700,7168
231,0,300,0,301000,10,,,,,844,10000,0,845,8000,1062,846,6000,2124,847,900,3186
232,0,0,0,306027,93,306026,47,306040,47,848,10000,0,849,4800,4548,850,700,13644,,,
233,0,0,22740,306026,185,306040,93,306041,47,851,10000,0,852,8400,10233,853,6000,20466,854,800,30699
234,0,300,0,301000,10,,,,,855,10000,0,856,8000,4548,857,6000,9096,858,900,13644
235,0,0,0,306030,96,306029,48,306035,48,859,10000,0,860,5600,4755,861,600,14265,,,
236,0,0,23776,306029,191,306035,96,306036,48,862,10000,0,863,7600,10699,864,6600,21398,865,800,32098
237,0,300,0,301000,10,,,,,866,10000,0,867,8000,4755,868,6000,9510,869,900,14265
238,0,0,0,306030,99,306029,50,306035,50,870,10000,0,871,5600,4968,872,600,14905,,,
239,0,0,24843,306029,198,306035,99,306036,50,873,10000,0,874,8800,11179,875,5700,22358,876,800,33538
240,0,300,0,301000,10,,,,,877,10000,0,878,8000,4968,879,6000,9937,880,900,14905
439,0,0,0,306035,128,,,,,1607,10000,0,1608,4800,19345,1609,700,58035,,,
440,0,0,96726,306029,511,306035,256,306036,128,1610,10000,0,1611,8500,43526,1612,5900,87053,1613,800,130580
441,0,300,0,301000,10,,,,,1614,10000,0,1615,8000,19345,1616,6000,38690,1617,900,58035
241,0,0,0,306030,260,306029,130,306035,130,881,10000,0,882,5600,19816,883,600,59449,,,
242,0,0,99082,306029,519,306035,260,306036,130,884,10000,0,885,9500,44587,886,6000,89174,887,700,133761
243,0,300,0,301000,10,,,,,888,10000,0,889,8000,19816,890,6000,39633,891,900,59449
244,0,0,0,306030,264,306029,132,306035,132,892,10000,0,893,4800,20293,894,700,60881,,,
245,0,0,101469,306029,528,306035,264,306036,132,895,10000,0,896,8400,45661,897,6000,91322,898,800,136983
246,0,300,0,301000,10,,,,,899,10000,0,900,8000,20293,901,6000,40587,902,900,60881
247,0,0,0,306030,268,306029,134,306035,134,903,10000,0,904,5600,20777,905,600,62331,,,
248,0,0,103885,306029,536,306035,268,306036,134,906,10000,0,907,7600,46748,908,6600,93496,909,800,140245
249,0,300,0,301000,10,,,,,910,10000,0,911,8000,20777,912,6000,41554,913,900,62331
250,0,0,0,306030,273,306029,137,306045,137,914,10000,0,915,5600,21266,916,600,63799,,,
251,0,0,106332,306029,545,306045,273,306046,137,917,10000,0,918,8800,47849,919,5700,95698,920,800,143548
252,0,300,0,301000,10,,,,,921,10000,0,922,8000,21266,923,6000,42532,924,900,63799
442,0,0,0,,,,,,,1618,10000,0,1619,3000,0,1620,1100,1,,,
443,0,0,2,306024,2,306002,2,306000,1,1621,10000,0,1622,6300,1,1623,5300,2,1624,1200,3
444,0,300,0,301000,10,,,,,1625,10000,0,1626,8000,0,1627,6000,1,1628,900,1
253,0,0,0,306025,1,306023,1,306024,1,925,10000,0,926,3700,1,927,900,3,,,
254,0,0,5,306025,3,306024,2,306023,2,928,10000,0,929,7500,2,930,4800,4,931,1100,7
255,0,300,2995,306062,8,306059,22,306063,10,932,10000,0,933,8000,300,934,6000,601,935,900,901
256,0,0,0,306001,3,306000,2,306002,2,936,10000,0,937,3700,5,938,900,15,,,
257,0,0,26,306001,8,306000,6,306002,6,939,10000,0,940,8000,11,941,5000,23,942,1000,35
258,0,300,0,301000,10,,,,,943,10000,0,944,8000,5,945,6000,10,946,900,15
259,0,0,0,306010,10,306009,5,306011,5,947,10000,0,948,3400,36,949,1000,110,,,
260,0,0,184,306010,29,306011,20,306009,20,950,10000,0,951,9100,82,952,4000,165,953,1100,248
261,0,300,0,301000,10,,,,,954,10000,0,955,8000,36,956,6000,73,957,900,110
262,0,0,0,306050,20,306051,10,306040,10,958,10000,0,959,3400,497,960,1000,1493,,,
263,0,0,2488,306051,40,306040,20,306042,10,961,10000,0,962,7300,1119,963,4600,2239,964,1200,3359
264,0,300,0,301000,10,,,,,965,10000,0,966,8000,497,967,6000,995,968,900,1493
445,0,0,0,,,,,,,1629,10000,0,1630,3000,13,1631,1100,39,,,
446,0,0,65,306024,9,306023,7,306000,5,1632,10000,0,1633,6300,29,1634,5300,58,1635,1200,88
447,0,300,0,301000,10,,,,,1636,10000,0,1637,8000,13,1638,6000,26,1639,900,39
265,0,0,0,306024,5,306025,3,306023,3,969,10000,0,970,3700,14,971,900,42,,,
266,0,0,71,306025,15,306023,10,306024,10,972,10000,0,973,7500,32,974,4800,64,975,1100,96
267,0,300,0,301000,10,,,,,976,10000,0,977,8000,14,978,6000,28,979,900,42
268,0,0,0,306000,7,306001,4,306002,4,980,10000,0,981,3700,22,982,900,67,,,
269,0,0,112,306001,20,306000,14,306002,14,983,10000,0,984,8000,50,985,5000,101,986,1000,151
270,0,300,0,301000,10,,,,,987,10000,0,988,8000,22,989,6000,45,990,900,67
271,0,0,0,306012,25,306013,13,306040,13,991,10000,0,992,3400,772,993,1000,2318,,,
272,0,0,3864,306014,49,306040,25,306043,13,994,10000,0,995,9100,1738,996,4000,3477,997,1100,5216
273,0,300,0,301000,10,,,,,998,10000,0,999,8000,772,1000,6000,1545,1001,900,2318
274,0,0,0,306055,43,306053,22,306045,22,1002,10000,0,1003,3400,1941,1004,1000,5825,,,
275,0,0,9709,306053,127,306054,85,306047,22,1005,10000,0,1006,7300,4369,1007,4600,8738,1008,1200,13107
276,0,300,0,301000,10,,,,,1009,10000,0,1010,8000,1941,1011,6000,3883,1012,900,5825
448,0,0,0,306040,7,,,,,1640,10000,0,1641,3000,100,1642,1100,301,,,
449,0,0,502,306012,37,306027,25,306041,7,1643,10000,0,1644,6300,226,1645,5300,452,1646,1200,678
450,0,300,0,301000,10,,,,,1647,10000,0,1648,8000,100,1649,6000,201,1650,900,301
277,0,0,0,306027,13,306028,7,306040,7,1013,10000,0,1014,3700,103,1015,900,311,,,
278,0,0,519,306026,39,306028,26,306041,7,1016,10000,0,1017,7500,233,1018,4800,467,1019,1100,700
279,0,300,0,301000,10,,,,,1020,10000,0,1021,8000,103,1022,6000,207,1023,900,311
280,0,0,0,306005,17,306003,9,306040,9,1024,10000,0,1025,3700,140,1026,900,422,,,
281,0,0,704,306003,33,306040,17,306044,9,1027,10000,0,1028,8000,316,1029,5000,633,1030,1000,950
282,0,300,0,301000,10,,,,,1031,10000,0,1032,8000,140,1033,6000,281,1034,900,422
283,0,0,0,306015,55,306017,28,306045,28,1035,10000,0,1036,3400,2528,1037,1000,7585,,,
284,0,0,12642,306016,109,306045,55,306048,28,1038,10000,0,1039,9100,5688,1040,4000,11377,1041,1100,17066
285,0,300,0,301000,10,,,,,1042,10000,0,1043,8000,2528,1044,6000,5056,1045,900,7585
286,0,0,0,306030,86,306029,43,306035,43,1046,10000,0,1047,3400,4151,1048,1000,12454,,,
287,0,0,20757,306029,172,306035,86,306036,43,1049,10000,0,1050,7300,9340,1051,4600,18681,1052,1200,28021
288,0,300,0,301000,10,,,,,1053,10000,0,1054,8000,4151,1055,6000,8302,1056,900,12454
451,0,0,0,306040,53,,,,,1651,10000,0,1652,3000,5413,1653,1100,16239,,,
452,0,0,27066,306026,211,306040,106,306041,53,1654,10000,0,1655,6300,12179,1656,5300,24359,1657,1200,36539
453,0,300,0,301000,10,,,,,1658,10000,0,1659,8000,5413,1660,6000,10826,1661,900,16239
289,0,0,0,306027,109,306026,55,306040,55,1057,10000,0,1058,3700,5644,1059,900,16933,,,
290,0,0,28222,306026,218,306040,109,306041,55,1060,10000,0,1061,7500,12700,1062,4800,25400,1063,1100,38100
291,0,300,0,301000,10,,,,,1064,10000,0,1065,8000,5644,1066,6000,11289,1067,900,16933
292,0,0,0,306027,112,306026,56,306040,56,1068,10000,0,1069,3700,5881,1070,900,17645,,,
293,0,0,29409,306026,224,306040,112,306041,56,1071,10000,0,1072,8000,13234,1073,5000,26468,1074,1000,39702
294,0,300,0,301000,10,,,,,1075,10000,0,1076,8000,5881,1077,6000,11763,1078,900,17645
295,0,0,0,306030,116,306029,58,306035,58,1079,10000,0,1080,3400,6125,1081,1000,18375,,,
296,0,0,30625,306029,231,306035,116,306036,58,1082,10000,0,1083,9100,13781,1084,4000,27562,1085,1100,41344
297,0,300,0,301000,10,,,,,1086,10000,0,1087,8000,6125,1088,6000,12250,1089,900,18375
298,0,0,0,306030,119,306029,60,306035,60,1090,10000,0,1091,3400,6374,1092,1000,19123,,,
299,0,0,31872,306029,238,306035,119,306036,60,1093,10000,0,1094,7300,14342,1095,4600,28684,1096,1200,43027
300,0,300,0,301000,10,,,,,1097,10000,0,1098,8000,6374,1099,6000,12748,1100,900,19123
454,0,0,0,306035,149,,,,,1662,10000,0,1663,3000,24328,1664,1100,72984,,,
455,0,0,121641,306029,596,306035,298,306036,149,1665,10000,0,1666,6300,54738,1667,5300,109476,1668,1200,164215
456,0,300,0,301000,10,,,,,1669,10000,0,1670,8000,24328,1671,6000,48656,1672,900,72984
301,0,0,0,306030,303,306029,152,306035,152,1101,10000,0,1102,3700,24859,1103,900,74578,,,
302,0,0,124297,306029,605,306035,303,306036,152,1104,10000,0,1105,7500,55933,1106,4800,111867,1107,1100,167801
303,0,300,0,301000,10,,,,,1108,10000,0,1109,8000,24859,1110,6000,49719,1111,900,74578
304,0,0,0,306030,307,306029,154,306035,154,1112,10000,0,1113,3700,25396,1114,900,76190,,,
305,0,0,126984,306029,613,306035,307,306036,154,1115,10000,0,1116,8000,57142,1117,5000,114285,1118,1000,171428
306,0,300,0,301000,10,,,,,1119,10000,0,1120,8000,25396,1121,6000,50793,1122,900,76190
307,0,0,0,306030,311,306029,156,306035,156,1123,10000,0,1124,3400,25940,1125,1000,77820,,,
308,0,0,129700,306029,622,306035,311,306036,156,1126,10000,0,1127,9100,58365,1128,4000,116730,1129,1100,175095
309,0,300,0,301000,10,,,,,1130,10000,0,1131,8000,25940,1132,6000,51880,1133,900,77820
310,0,0,0,306030,316,306029,158,306045,158,1134,10000,0,1135,3400,26489,1136,1000,79468,,,
311,0,0,132447,306029,631,306045,316,306046,158,1137,10000,0,1138,7300,59601,1139,4600,119202,1140,1200,178803
312,0,300,0,301000,10,,,,,1141,10000,0,1142,8000,26489,1143,6000,52978,1144,900,79468
457,0,0,0,,,,,,,1673,10000,0,1674,6800,0,1675,500,1,,,
458,0,0,2,306001,2,306002,2,306023,1,1676,10000,0,1677,8900,1,1678,7500,2,1679,600,3
459,0,300,0,301000,10,,,,,1680,10000,0,1681,8000,0,1682,6000,1,1683,500,1
313,0,0,0,306023,1,306025,1,306024,1,1145,10000,0,1146,8500,1,1147,400,5,,,
314,0,0,8,306025,3,306024,2,306023,2,1148,10000,0,1149,9600,3,1150,8300,7,1151,500,11
315,0,300,17963,306056,20,306067,20,306069,14,1152,10000,0,1153,8000,1798,1154,6000,3596,1155,500,5394
316,0,0,0,306002,3,306001,2,306000,2,1156,10000,0,1157,6800,6,1158,500,18,,,
317,0,0,30,306002,9,306001,6,306000,6,1159,10000,0,1160,8400,13,1161,7900,27,1162,600,40
318,0,300,0,301000,10,,,,,1163,10000,0,1164,8000,6,1165,6000,12,1166,500,18
319,0,0,0,306010,12,306011,6,306009,6,1167,10000,0,1168,8500,45,1169,400,136,,,
320,0,0,227,306010,34,306009,23,306011,23,1170,10000,0,1171,9000,102,1172,8900,204,1173,500,306
321,0,300,0,301000,10,,,,,1174,10000,0,1175,8000,45,1176,6000,90,1177,500,136
322,0,0,0,306052,24,306050,12,306040,12,1178,10000,0,1179,8500,664,1180,400,1992,,,
323,0,0,3321,306051,70,306050,47,306042,12,1181,10000,0,1182,9000,1494,1183,8900,2988,1184,500,4483
324,0,300,0,301000,10,,,,,1185,10000,0,1186,8000,664,1187,6000,1328,1188,500,1992
460,0,0,0,,,,,,,1684,10000,0,1685,6800,16,1686,500,50,,,
461,0,0,84,306023,11,306002,8,306024,6,1687,10000,0,1688,8900,37,1689,7500,75,1690,600,113
462,0,300,0,301000,10,,,,,1691,10000,0,1692,8000,16,1693,6000,33,1694,500,50
325,0,0,0,306024,6,306023,3,306025,3,1189,10000,0,1190,8500,19,1191,400,58,,,
326,0,0,97,306025,18,306023,12,306024,12,1192,10000,0,1193,9600,43,1194,8300,87,1195,500,131
327,0,300,0,301000,10,,,,,1196,10000,0,1197,8000,19,1198,6000,39,1199,500,58
328,0,0,0,306002,8,306001,4,306000,4,1200,10000,0,1201,6800,29,1202,500,87,,,
329,0,0,146,306001,24,306002,16,306000,16,1203,10000,0,1204,8400,65,1205,7900,131,1206,600,197
330,0,300,0,301000,10,,,,,1207,10000,0,1208,8000,29,1209,6000,58,1210,500,87
331,0,0,0,306014,28,306013,14,306040,14,1211,10000,0,1212,8500,1749,1213,400,5247,,,
332,0,0,8746,306013,56,306040,28,306043,14,1214,10000,0,1215,9000,3935,1216,8900,7871,1217,500,11807
333,0,300,0,301000,10,,,,,1218,10000,0,1219,8000,1749,1220,6000,3498,1221,500,5247
334,0,0,0,306054,49,306055,25,306045,25,1222,10000,0,1223,8500,2275,1224,400,6827,,,
335,0,0,11379,306053,97,306045,49,306047,25,1225,10000,0,1226,9000,5120,1227,8900,10241,1228,500,15361
336,0,300,0,301000,10,,,,,1229,10000,0,1230,8000,2275,1231,6000,4551,1232,500,6827
463,0,0,0,306040,8,,,,,1695,10000,0,1696,6800,122,1697,500,366,,,
464,0,0,610,306004,45,306050,30,306042,8,1698,10000,0,1699,8900,274,1700,7500,549,1701,600,823
465,0,300,0,301000,10,,,,,1702,10000,0,1703,8000,122,1704,6000,244,1705,500,366
337,0,0,0,306028,16,306026,8,306040,8,1233,10000,0,1234,8500,127,1235,400,383,,,
338,0,0,639,306027,31,306040,16,306041,8,1236,10000,0,1237,9600,287,1238,8300,575,1239,500,862
339,0,300,0,301000,10,,,,,1240,10000,0,1241,8000,127,1242,6000,255,1243,500,383
340,0,0,0,306004,19,306003,10,306040,10,1244,10000,0,1245,6800,173,1246,500,519,,,
341,0,0,865,306003,56,306005,38,306044,10,1247,10000,0,1248,8400,389,1249,7900,778,1250,600,1168
342,0,300,0,301000,10,,,,,1251,10000,0,1252,8000,173,1253,6000,346,1254,500,519
343,0,0,0,306030,80,306029,40,306035,40,1255,10000,0,1256,8500,3778,1257,400,11336,,,
344,0,0,18894,306029,159,306035,80,306036,40,1258,10000,0,1259,9000,8502,1260,8900,17004,1261,500,25506
345,0,300,0,301000,10,,,,,1262,10000,0,1263,8000,3778,1264,6000,7557,1265,500,11336
346,0,0,0,306030,102,306029,51,306035,51,1266,10000,0,1267,8500,5187,1268,400,15563,,,
347,0,0,25939,306029,204,306035,102,306036,51,1269,10000,0,1270,9000,11672,1271,8900,23345,1272,500,35018
348,0,300,0,301000,10,,,,,1273,10000,0,1274,8000,5187,1275,6000,10375,1276,500,15563
466,0,0,0,306040,89,,,,,1706,10000,0,1707,6800,11179,1708,500,33537,,,
467,0,0,55896,306026,353,306040,177,306041,89,1709,10000,0,1710,8900,25153,1711,7500,50306,1712,600,75459
468,0,300,0,301000,10,,,,,1713,10000,0,1714,8000,11179,1715,6000,22358,1716,500,33537
349,0,0,0,306027,181,306026,91,306040,91,1277,10000,0,1278,8500,11530,1279,400,34591,,,
350,0,0,57652,306026,361,306040,181,306041,91,1280,10000,0,1281,9600,25943,1282,8300,51887,1283,500,77830
351,0,300,0,301000,10,,,,,1284,10000,0,1285,8000,11530,1286,6000,23061,1287,500,34591
352,0,0,0,306027,184,306026,92,306040,92,1288,10000,0,1289,6800,11887,1290,500,35663,,,
353,0,0,59439,306026,368,306040,184,306041,92,1291,10000,0,1292,8400,26747,1293,7900,53495,1294,600,80242
354,0,300,0,301000,10,,,,,1295,10000,0,1296,8000,11887,1297,6000,23775,1298,500,35663
355,0,0,0,306030,188,306029,94,306035,94,1299,10000,0,1300,8500,12251,1301,400,36753,,,
356,0,0,61255,306029,376,306035,188,306036,94,1302,10000,0,1303,9000,27564,1304,8900,55129,1305,500,82694
357,0,300,0,301000,10,,,,,1306,10000,0,1307,8000,12251,1308,6000,24502,1309,500,36753
358,0,0,0,306030,192,306029,96,306035,96,1310,10000,0,1311,8500,12620,1312,400,37861,,,
359,0,0,63102,306029,383,306035,192,306036,96,1313,10000,0,1314,9000,28395,1315,8900,56791,1316,500,85187
360,0,300,0,301000,10,,,,,1317,10000,0,1318,8000,12620,1319,6000,25240,1320,500,37861
469,0,0,0,306035,160,,,,,1717,10000,0,1718,6800,27044,1719,500,81134,,,
470,0,0,135223,306029,640,306035,320,306036,160,1720,10000,0,1721,8900,60850,1722,7500,121701,1723,600,182551
471,0,300,0,301000,10,,,,,1724,10000,0,1725,8000,27044,1726,6000,54089,1727,500,81134
361,0,0,0,306030,325,306029,163,306035,163,1321,10000,0,1322,8500,27606,1323,400,82818,,,
362,0,0,138030,306029,649,306035,325,306036,163,1324,10000,0,1325,9600,62113,1326,8300,124227,1327,500,186340
363,0,300,0,301000,10,,,,,1328,10000,0,1329,8000,27606,1330,6000,55212,1331,500,82818
364,0,0,0,306030,329,306029,165,306035,165,1332,10000,0,1333,6800,28173,1334,500,84519,,,
365,0,0,140866,306029,658,306035,329,306036,165,1335,10000,0,1336,8400,63389,1337,7900,126779,1338,600,190169
366,0,300,0,301000,10,,,,,1339,10000,0,1340,8000,28173,1341,6000,56346,1342,500,84519
367,0,0,0,306030,334,306029,167,306035,167,1343,10000,0,1344,8500,28746,1345,400,86239,,,
368,0,0,143733,306029,667,306035,334,306036,167,1346,10000,0,1347,9000,64679,1348,8900,129359,1349,500,194039
369,0,300,0,301000,10,,,,,1350,10000,0,1351,8000,28746,1352,6000,57493,1353,500,86239
370,0,0,0,306030,338,306029,169,306045,169,1354,10000,0,1355,8500,29325,1356,400,87977,,,
371,0,0,146629,306029,676,306045,338,306046,169,1357,10000,0,1358,9000,65983,1359,8900,131966,1360,500,197949
372,0,300,0,301000,10,,,,,1361,10000,0,1362,8000,29325,1363,6000,58651,1364,500,87977
